﻿<?xml version='1.0' encoding='UTF-8'?>
<!-- Generated by LavishSettings v2 -->
<InnerSpaceSettings>
	<Set Name="Profiles">
		<Setting Name="DefaultProfiles">Jiimbo_VoV_Illy</Setting>
		<Set Name="Jiimbo_VoV_Illy">
			<Set Name="Settings">
				<Setting Name="checkbox_settings_forcenamedcatab">TRUE</Setting>
				<Setting Name="checkbox_settings_facenpc">TRUE</Setting>
				<Setting Name="checkbox_settings_rangedattack">FALSE</Setting>
				<Setting Name="checkbox_settings_meleeattack">TRUE</Setting>
				<Setting Name="checkbox_settings_movemelee">FALSE</Setting>
				<Setting Name="checkbox_settings_movebehind">FALSE</Setting>
				<Setting Name="checkbox_settings_turnoffattack">TRUE</Setting>
				<Setting Name="checkbox_settings_ignoretargettoattackhealthcheck">TRUE</Setting>
				<Setting Name="checkbox_settings_acceptloot">TRUE</Setting>
				<Setting Name="checkbox_settings_movetoarea">TRUE</Setting>
				<Setting Name="checkbox_settings_acceptinvites">TRUE</Setting>
				<Setting Name="checkbox_settings_doho">FALSE</Setting>
				<Setting Name="checkbox_settings_acceptres">TRUE</Setting>
				<Setting Name="checkbox_settings_mobpriestinfo">FALSE</Setting>
				<Setting Name="checkbox_settings_assist">TRUE</Setting>
				<Setting Name="checkbox_settings_autofollow">TRUE</Setting>
				<Setting Name="checkbox_settings_enableannouncetab">TRUE</Setting>
				<Setting Name="checkbox_settings_enablealiases">TRUE</Setting>
				<Setting Name="checkbox_settings_raidoptions">TRUE</Setting>
				<Setting Name="checkbox_settings_grindoptions">TRUE</Setting>
				<Setting Name="checkbox_settings_acceptdungeonfinderisready">TRUE</Setting>
				<Setting Name="checkbox_settings_enableitemsinabilitylists">TRUE</Setting>
				<Setting Name="checkbox_settings_cancelinvisaftercombat">TRUE</Setting>
				<Setting Name="checkbox_settings_enablepetsindropdowns">TRUE</Setting>
				<Setting Name="checkbox_settings_encountersmartnukes">TRUE</Setting>
				<Setting Name="checkbox_settings_aesmartnukes">TRUE</Setting>
				<Setting Name="checkbox_settings_disablecaststack_namedca">FALSE</Setting>
				<Setting Name="checkbox_settings_autospend_deitypoints">TRUE</Setting>
				<Setting Name="checkbox_settings_autocomplete_ascensioncombos">TRUE</Setting>
				<Setting Name="checkbox_settings_handle_hq_earring">TRUE</Setting>
				<Setting Name="checkbox_settings_summon_familiar">TRUE</Setting>
				<Setting Name="checkbox_settings_autospend_skipstamina">TRUE</Setting>
				<Setting Name="checkbox_settings_autospend_skippotency">TRUE</Setting>
				<Setting Name="checkbox_settings_globally_mute_abilityrotation">TRUE</Setting>
				<Setting Name="checkbox_settings_no_overseer">TRUE</Setting>
				<Setting Name="checkbox_settings_auto_use_temporary_mount_reduction">TRUE</Setting>
				<Setting Name="checkbox_settings_auto_use_temporary_research_reduction">TRUE</Setting>
				<Setting Name="checkbox_settings_auto_use_temporary_familiar_experience">TRUE</Setting>
				<Setting Name="checkbox_settings_accept_zonein_confirmation">TRUE</Setting>
				<Setting Name="checkbox_settings_acceptnochoicerewards">TRUE</Setting>
				<Setting Name="checkbox_settings_ascension_embargo_and_combos">FALSE</Setting>
				<Setting Name="checkbox_settings_disable_dbc_claim">TRUE</Setting>
				<Setting Name="checkbox_settings_consumeitems">TRUE</Setting>
			</Set>
			<Set Name="Setup">
				<Setting Name="textentry_setup_percenttoattack">100</Setting>
				<Setting Name="textentry_setup_moveintoattackrangehealthpercent">99</Setting>
				<Setting Name="textentry_setup_petpercenttoattack">99</Setting>
				<Setting Name="textentry_setup_powertousecas">1</Setting>
				<Setting Name="textentry_setup_healthtousecas">1</Setting>
				<Setting Name="textentry_setup_reswaittimer">5</Setting>
				<Setting Name="textentry_setup_pbaetargets">2</Setting>
				<Setting Name="textentry_setup_encountertargets">3</Setting>
				<Setting Name="textentry_setup_moveintomeleerangemaxdistance">100</Setting>
				<Setting Name="combobox_setup_autofollowname">*tank</Setting>
				<Setting Name="textentry_setup_autofollowmaxdistance">50</Setting>
				<Setting Name="checkbox_setup_broadcasttellstouplink">TRUE</Setting>
				<Setting Name="checkbox_setup_broadcastguildtouplink">FALSE</Setting>
			</Set>
			<Set Name="Aliases">
				<Set Name="1">
					<Setting Name="__SourceName">*link2</Setting>
					<Setting Name="For">ambienn</Setting>
				</Set>
				<Set Name="2">
					<Setting Name="__SourceName">*link2</Setting>
					<Setting Name="For">EditMe</Setting>
				</Set>
				<Set Name="3">
					<Setting Name="__SourceName">*link2</Setting>
					<Setting Name="For">EditMe</Setting>
				</Set>
				<Set Name="4">
					<Setting Name="__SourceName">*link2</Setting>
					<Setting Name="For">EditMe</Setting>
				</Set>
				<Set Name="5">
					<Setting Name="__SourceName">*SeverHate</Setting>
					<Setting Name="For">ambienn</Setting>
				</Set>
				<Set Name="6">
					<Setting Name="__SourceName">*tank</Setting>
					<Setting Name="For">Heresi</Setting>
				</Set>
			</Set>
			<Set Name="CastStack">
				<Set Name="1">
					<Setting Name="__SourceName">--------------------------------------------------------------------------------------------------------------</Setting>
					<Setting Name="Type">Buff</Setting>
				</Set>
				<Set Name="2">
					<Setting Name="__SourceName">Aspect of Genius</Setting>
					<Setting Name="Type">Buff</Setting>
				</Set>
				<Set Name="3">
					<Setting Name="__SourceName">Chronal Mastery</Setting>
					<Setting Name="Type">Buff</Setting>
				</Set>
				<Set Name="4">
					<Setting Name="__SourceName">Elemental Avatar</Setting>
					<Setting Name="Type">Buff</Setting>
				</Set>
				<Set Name="5">
					<Setting Name="__SourceName">Empathic Aura</Setting>
					<Setting Name="Type">Buff</Setting>
				</Set>
				<Set Name="6">
					<Setting Name="__SourceName">Enchanted Vigor</Setting>
					<Setting Name="Target">@DPS1</Setting>
					<Setting Name="Type">Buff</Setting>
				</Set>
				<Set Name="7">
					<Setting Name="__SourceName">Energizing Aura</Setting>
					<Setting Name="Type">Buff</Setting>
				</Set>
				<Set Name="8">
					<Setting Name="__SourceName">Empathic Breeze</Setting>
					<Setting Name="Type">Buff</Setting>
				</Set>
				<Set Name="9">
					<Setting Name="__SourceName">Epiphany</Setting>
					<Setting Name="Type">Buff</Setting>
				</Set>
				<Set Name="10">
					<Setting Name="__SourceName">Guild Buff</Setting>
					<Setting Name="Type">NonCombatBuff</Setting>
				</Set>
				<Set Name="11">
					<Setting Name="__SourceName">Mirage Mastery</Setting>
					<Setting Name="Type">Buff</Setting>
				</Set>
				<Set Name="12">
					<Setting Name="__SourceName">Personae Reflection</Setting>
					<Setting Name="Type">Buff</Setting>
				</Set>
				<Set Name="13">
					<Setting Name="__SourceName">Rapidity</Setting>
					<Setting Name="Type">Buff</Setting>
				</Set>
				<Set Name="14">
					<Setting Name="__SourceName">Reign of Shadows: Ethereal Familiar Infusion</Setting>
					<Setting Name="Type">Buff</Setting>
				</Set>
				<Set Name="15">
					<Setting Name="__SourceName">Reign of Shadows: Ethereal Mount Infusion</Setting>
					<Setting Name="Type">Buff</Setting>
				</Set>
				<Set Name="16">
					<Setting Name="__SourceName">Rune of Thought</Setting>
					<Setting Name="Type">Buff</Setting>
				</Set>
				<Set Name="17">
					<Setting Name="__SourceName">Synergism</Setting>
					<Setting Name="Target">@DPS1</Setting>
					<Setting Name="Type">Buff</Setting>
				</Set>
				<Set Name="18">
					<Setting Name="__SourceName">Scaled Protection</Setting>
					<Setting Name="Type">NonCombatBuff</Setting>
				</Set>
				<Set Name="19">
					<Setting Name="__SourceName">Scaled Protection</Setting>
					<Setting Name="Type">Buff</Setting>
				</Set>
				<Set Name="20">
					<Setting Name="__SourceName">Time Compression</Setting>
					<Setting Name="Target">@Healer1</Setting>
					<Setting Name="Type">Buff</Setting>
				</Set>
				<Set Name="21">
					<Setting Name="__SourceName">Undeath</Setting>
					<Setting Name="Type">NonCombatBuff</Setting>
				</Set>
				<Set Name="22">
					<Setting Name="__SourceName">BUFFS-----------------------------------------------------------------------------------------------------------</Setting>
					<Setting Name="Type">Buff</Setting>
				</Set>
				<Set Name="23">
					<Setting Name="__SourceName">Cure Magic</Setting>
					<Setting Name="Target">@Group</Setting>
					<Setting Name="Type">Cure</Setting>
				</Set>
				<Set Name="24">
					<Setting Name="__Disabled">TRUE</Setting>
					<Setting Name="__SourceName">Spellblade's Counter</Setting>
					<Setting Name="Tag">intterupt</Setting>
					<Setting Name="Type">NamedCA</Setting>
				</Set>
				<Set Name="25">
					<Setting Name="__SourceName">POWER STUFF-----------------------------------------------------------------------------------------------------------</Setting>
					<Setting Name="Type">Buff</Setting>
				</Set>
				<Set Name="26">
					<Setting Name="#">1</Setting>
					<Setting Name="%">30</Setting>
					<Setting Name="__SourceName">Manasoul</Setting>
					<Setting Name="ID">TRUE</Setting>
					<Setting Name="Target">@Group</Setting>
					<Setting Name="Type">PowerHeal</Setting>
				</Set>
				<Set Name="27">
					<Setting Name="%">90</Setting>
					<Setting Name="__SourceName">Mana Flow</Setting>
					<Setting Name="Target">@Group</Setting>
					<Setting Name="Type">PowerHeal</Setting>
				</Set>
				<Set Name="28">
					<Setting Name="#">1</Setting>
					<Setting Name="__SourceName">Manatap</Setting>
					<Setting Name="ID">TRUE</Setting>
					<Setting Name="Type">CA</Setting>
				</Set>
				<Set Name="29">
					<Setting Name="__SourceName">Absorb Magic</Setting>
					<Setting Name="Type">NamedCA</Setting>
				</Set>
				<Set Name="30">
					<Setting Name="__SourceName">AE-DPS-----------------------------------------------------------------------------------------------------</Setting>
					<Setting Name="Type">Buff</Setting>
				</Set>
				<Set Name="31">
					<Setting Name="#">2</Setting>
					<Setting Name="__SourceName">Id Explosion</Setting>
					<Setting Name="ID">TRUE</Setting>
					<Setting Name="Type">CA</Setting>
				</Set>
				<Set Name="32">
					<Setting Name="#">1=2</Setting>
					<Setting Name="__SourceName">Dominion of Fire</Setting>
					<Setting Name="Type">NamedCA</Setting>
				</Set>
				<Set Name="33">
					<Setting Name="#">2</Setting>
					<Setting Name="__SourceName">Chromatic Illusion</Setting>
					<Setting Name="Type">CA</Setting>
				</Set>
				<Set Name="34">
					<Setting Name="#">2</Setting>
					<Setting Name="__SourceName">Unda Arcanus Spiritus</Setting>
					<Setting Name="Type">CA</Setting>
				</Set>
				<Set Name="35">
					<Setting Name="#">2</Setting>
					<Setting Name="__SourceName">Blinding Shock</Setting>
					<Setting Name="Type">CA</Setting>
				</Set>
				<Set Name="36">
					<Setting Name="__SourceName">Phantasmal Awe</Setting>
					<Setting Name="Type">CA</Setting>
					<Setting Name="#">2</Setting>
				</Set>
				<Set Name="37">
					<Setting Name="#">2</Setting>
					<Setting Name="__SourceName">Chromatic Shower</Setting>
					<Setting Name="Type">CA</Setting>
				</Set>
				<Set Name="38">
					<Setting Name="#">2</Setting>
					<Setting Name="__SourceName">Bewilderment</Setting>
					<Setting Name="ID">TRUE</Setting>
					<Setting Name="Type">CA</Setting>
				</Set>
				<Set Name="39">
					<Setting Name="#">2</Setting>
					<Setting Name="__SourceName">Chromatic Storm</Setting>
					<Setting Name="Type">CA</Setting>
				</Set>
				<Set Name="40">
					<Setting Name="__SourceName">DPS-BOOSTERS-----------------------------------------------------------------------------------------------------------</Setting>
					<Setting Name="Type">Buff</Setting>
				</Set>
				<Set Name="41">
					<Setting Name="__SourceName">Flash of Brilliance</Setting>
					<Setting Name="ID">TRUE</Setting>
					<Setting Name="Target">@Me</Setting>
					<Setting Name="Type">Combat</Setting>
				</Set>
				<Set Name="42">
					<Setting Name="__SourceName">Sever Hate</Setting>
					<Setting Name="Target">@DPS1</Setting>
					<Setting Name="Type">Combat</Setting>
				</Set>
				<Set Name="43">
					<Setting Name="__SourceName">Touch of Empathy</Setting>
					<Setting Name="ID">TRUE</Setting>
					<Setting Name="Target">@DPS1</Setting>
					<Setting Name="Type">Combat</Setting>
				</Set>
				<Set Name="44">
					<Setting Name="__SourceName">Aura of Power</Setting>
					<Setting Name="Type">NamedCA</Setting>
				</Set>
				<Set Name="45">
					<Setting Name="#">1</Setting>
					<Setting Name="__SourceName">Phantom Troupe</Setting>
					<Setting Name="ID">TRUE</Setting>
					<Setting Name="Type">NamedCA</Setting>
				</Set>
				<Set Name="46">
					<Setting Name="__SourceName">Doppelganger</Setting>
					<Setting Name="ID">TRUE</Setting>
					<Setting Name="Target">@DPS1</Setting>
					<Setting Name="Type">Combat</Setting>
				</Set>
				<Set Name="47">
					<Setting Name="__SourceName">Savante</Setting>
					<Setting Name="ID">TRUE</Setting>
					<Setting Name="Target">@Group</Setting>
					<Setting Name="Type">Combat</Setting>
					<Setting Name="Tag">5.5k pot</Setting>
				</Set>
				<Set Name="48">
					<Setting Name="__SourceName">Prismatic Chaos</Setting>
					<Setting Name="ID">TRUE</Setting>
					<Setting Name="Target">@DPS1</Setting>
					<Setting Name="Type">Combat</Setting>
				</Set>
				<Set Name="49">
					<Setting Name="__SourceName">Time Warp</Setting>
					<Setting Name="ID">TRUE</Setting>
					<Setting Name="Type">NamedCA</Setting>
				</Set>
				<Set Name="50">
					<Setting Name="__SourceName">Peace of Mind</Setting>
					<Setting Name="ID">TRUE</Setting>
					<Setting Name="Type">NamedCA</Setting>
				</Set>
				<Set Name="51">
					<Setting Name="__SourceName">Temporal Mimicry</Setting>
					<Setting Name="ID">TRUE</Setting>
					<Setting Name="Target">@DPS1</Setting>
					<Setting Name="Type">Combat</Setting>
				</Set>
				<Set Name="52">
					<Setting Name="__SourceName">--------------------------------------------------------------------------------------------------------------</Setting>
					<Setting Name="Type">Buff</Setting>
				</Set>
				<Set Name="53">
					<Setting Name="__SourceName">DPS--------------------------------------------------------------------------------------------------------</Setting>
					<Setting Name="Type">Buff</Setting>
				</Set>
				<Set Name="54">
					<Setting Name="#">1</Setting>
					<Setting Name="__SourceName">Phantasmal Awe</Setting>
					<Setting Name="Type">NamedCA</Setting>
				</Set>
				<Set Name="55">
					<Setting Name="__SourceName">Channeled Focus</Setting>
					<Setting Name="ID">TRUE</Setting>
					<Setting Name="Target">@Tank</Setting>
					<Setting Name="Type">Combat</Setting>
				</Set>
				<Set Name="56">
					<Setting Name="__SourceName">Time Warp</Setting>
					<Setting Name="Type">NamedCA</Setting>
				</Set>
				<Set Name="57">
					<Setting Name="__SourceName">Id Explosion</Setting>
					<Setting Name="IAE">TRUE</Setting>
					<Setting Name="Type">NamedCA</Setting>
					<Setting Name="ID">TRUE</Setting>
				</Set>
				<Set Name="58">
					<Setting Name="__SourceName">Brittle Armor</Setting>
					<Setting Name="Type">NamedCA</Setting>
				</Set>
				<Set Name="59">
					<Setting Name="__SourceName">Dominion of Fire</Setting>
					<Setting Name="IAE">TRUE</Setting>
					<Setting Name="ID">TRUE</Setting>
					<Setting Name="Type">NamedCA</Setting>
				</Set>
				<Set Name="60">
					<Setting Name="__SourceName">Daydream</Setting>
					<Setting Name="ID">TRUE</Setting>
					<Setting Name="Type">CA</Setting>
				</Set>
				<Set Name="61">
					<Setting Name="#">1</Setting>
					<Setting Name="__SourceName">Chromatic Illusion</Setting>
					<Setting Name="Type">CA</Setting>
				</Set>
				<Set Name="62">
					<Setting Name="#">1</Setting>
					<Setting Name="__SourceName">Chromatic Shower</Setting>
					<Setting Name="ID">TRUE</Setting>
					<Setting Name="Type">CA</Setting>
				</Set>
				<Set Name="63">
					<Setting Name="__SourceName">Psychic Trauma</Setting>
					<Setting Name="ID">TRUE</Setting>
					<Setting Name="Type">CA</Setting>
				</Set>
				<Set Name="64">
					<Setting Name="#">1</Setting>
					<Setting Name="__SourceName">Chromatic Storm</Setting>
					<Setting Name="Type">CA</Setting>
					<Setting Name="ID">TRUE</Setting>
				</Set>
				<Set Name="65">
					<Setting Name="__SourceName">Scorched Earth</Setting>
					<Setting Name="ID">TRUE</Setting>
					<Setting Name="IE">TRUE</Setting>
					<Setting Name="Type">NamedCA</Setting>
				</Set>
				<Set Name="66">
					<Setting Name="__SourceName">Fiery Incineration</Setting>
					<Setting Name="Type">NamedCA</Setting>
				</Set>
				<Set Name="67">
					<Setting Name="__SourceName">Nightmare</Setting>
					<Setting Name="Type">CA</Setting>
				</Set>
				<Set Name="68">
					<Setting Name="__SourceName">Brainburst</Setting>
					<Setting Name="Type">CA</Setting>
				</Set>
				<Set Name="69">
					<Setting Name="__SourceName">Timelord</Setting>
					<Setting Name="Tag">set up chatevent</Setting>
					<Setting Name="Target">@DPS1</Setting>
					<Setting Name="Type">Combat</Setting>
				</Set>
				<Set Name="70">
					<Setting Name="#">1</Setting>
					<Setting Name="__SourceName">Unda Arcanus Spiritus</Setting>
					<Setting Name="Type">CA</Setting>
				</Set>
				<Set Name="71">
					<Setting Name="__SourceName">Blinding Shock</Setting>
					<Setting Name="IAE">TRUE</Setting>
					<Setting Name="Type">CA</Setting>
				</Set>
				<Set Name="72">
					<Setting Name="__SourceName">Theorems</Setting>
					<Setting Name="Type">CA</Setting>
				</Set>
				<Set Name="73">
					<Setting Name="__SourceName">Illusionary Instigation</Setting>
					<Setting Name="ID">TRUE</Setting>
					<Setting Name="Tag">come on, do stuff.</Setting>
					<Setting Name="Target">@Tank</Setting>
					<Setting Name="Type">Combat</Setting>
				</Set>
				<Set Name="74">
					<Setting Name="__SourceName">Speechless</Setting>
					<Setting Name="Type">CA</Setting>
					<Setting Name="Tag">stun</Setting>
				</Set>
				<Set Name="75">
					<Setting Name="__SourceName">Paranoia</Setting>
					<Setting Name="Type">CA</Setting>
					<Setting Name="Tag">stun</Setting>
				</Set>
				<Set Name="76">
					<Setting Name="__SourceName">Glacial Freeze</Setting>
					<Setting Name="Type">NamedCA</Setting>
				</Set>
				<Set Name="77">
					<Setting Name="__SourceName">--------------------------------------------------------------------------------------------------------------</Setting>
					<Setting Name="Type">Buff</Setting>
				</Set>
			</Set>
			<Set Name="Assist">
				<Set Name="1">
					<Setting Name="__SourceName">*tank</Setting>
				</Set>
			</Set>
			<Set Name="Postcast">
				<Set Name="1">
					<Setting Name="__SourceName">Stupefy</Setting>
					<Setting Name="After">Shock Wave</Setting>
				</Set>
				<Set Name="2">
					<Setting Name="__SourceName">Focused Blast</Setting>
					<Setting Name="After">Levinbolt</Setting>
				</Set>
				<Set Name="3">
					<Setting Name="__SourceName">Peace of Mind</Setting>
					<Setting Name="After">Time Warp</Setting>
				</Set>
				<Set Name="4">
					<Setting Name="__SourceName">Fiery Incineration</Setting>
					<Setting Name="After">Scorched Earth</Setting>
				</Set>
			</Set>
			<Set Name="Loot">
				<Setting Name="checkbox_loot_ffaaccept">TRUE</Setting>
				<Setting Name="checkbox_loot_lottodecline">TRUE</Setting>
				<Setting Name="checkbox_loot_nbgdecline">TRUE</Setting>
				<Setting Name="checkbox_loot_confirmnotrade">TRUE</Setting>
				<Setting Name="checkbox_loot_unpackwarrunes">TRUE</Setting>
				<Setting Name="checkbox_loot_unpackdraconicphylactery">TRUE</Setting>
			</Set>
			<Set Name="OSA">
				<Setting Name="slider_osa_radius">149</Setting>
				<Setting Name="textentry_osa_radius">149</Setting>
				<Setting Name="checkbox_osa_targetsonly">TRUE</Setting>
			</Set>
			<Set Name="Announce">
				<Set Name="1">
					<Setting Name="__SourceName">Channel</Setting>
					<Setting Name="Target">Group</Setting>
					<Setting Name="Txt">Casting Channel</Setting>
				</Set>
				<Set Name="2">
					<Setting Name="__Disabled">TRUE</Setting>
					<Setting Name="__SourceName">Channeled Focus</Setting>
					<Setting Name="Target">Group</Setting>
					<Setting Name="Txt">Casting Channeled Focus on *Target*</Setting>
				</Set>
				<Set Name="3">
					<Setting Name="__Disabled">TRUE</Setting>
					<Setting Name="__SourceName">Channeled Focus</Setting>
					<Setting Name="Target">Raid</Setting>
					<Setting Name="Txt">Casting Channeled Focus on *Target*</Setting>
				</Set>
				<Set Name="4">
					<Setting Name="__SourceName">Coercive Shout</Setting>
					<Setting Name="Target">Group</Setting>
					<Setting Name="Txt">Coercive Shout on *Target*</Setting>
				</Set>
				<Set Name="5">
					<Setting Name="__SourceName">Coercive Shout</Setting>
					<Setting Name="Target">Raid</Setting>
					<Setting Name="Txt">Coercive Shout on *Target*</Setting>
				</Set>
				<Set Name="6">
					<Setting Name="__Disabled">TRUE</Setting>
					<Setting Name="__SourceName">Cure Magic</Setting>
					<Setting Name="Target">Group</Setting>
					<Setting Name="Txt">Cure Magic on *Target*</Setting>
				</Set>
				<Set Name="7">
					<Setting Name="__Disabled">TRUE</Setting>
					<Setting Name="__SourceName">Intellectual Remedy</Setting>
					<Setting Name="Target">Group</Setting>
					<Setting Name="Txt">Casting IR!</Setting>
				</Set>
				<Set Name="8">
					<Setting Name="__SourceName">Intellectual Remedy</Setting>
					<Setting Name="Target">Raid</Setting>
					<Setting Name="Txt">Casting IR!</Setting>
				</Set>
				<Set Name="9">
					<Setting Name="__Disabled">TRUE</Setting>
					<Setting Name="__SourceName">Mana Flow</Setting>
					<Setting Name="Target">Group</Setting>
					<Setting Name="Txt">Mana Flow on *Target*</Setting>
				</Set>
				<Set Name="10">
					<Setting Name="__Disabled">TRUE</Setting>
					<Setting Name="__SourceName">Mana Flow</Setting>
					<Setting Name="Target">Raid</Setting>
					<Setting Name="Txt">Mana Flow on *Target*</Setting>
				</Set>
				<Set Name="11">
					<Setting Name="__Disabled">TRUE</Setting>
					<Setting Name="__SourceName">Peace of Mind</Setting>
					<Setting Name="Target">Group</Setting>
					<Setting Name="Txt">+ Peace of Mind</Setting>
				</Set>
				<Set Name="12">
					<Setting Name="__Disabled">TRUE</Setting>
					<Setting Name="__SourceName">Sever Hate</Setting>
					<Setting Name="Target">Group</Setting>
					<Setting Name="Txt">+ Sever Hate on *Target*</Setting>
				</Set>
				<Set Name="13">
					<Setting Name="__SourceName">Absorb Magic</Setting>
					<Setting Name="Target">Raid</Setting>
					<Setting Name="Txt">Casting Absorb Magic</Setting>
				</Set>
				<Set Name="14">
					<Setting Name="__SourceName">Absorb Magic</Setting>
					<Setting Name="Target">Group</Setting>
					<Setting Name="Txt">Casting Absorb Magic</Setting>
				</Set>
				<Set Name="15">
					<Setting Name="__SourceName">Glacial Freeze</Setting>
					<Setting Name="Target">Group</Setting>
					<Setting Name="Txt">Glacial Freeze, OUT</Setting>
				</Set>
			</Set>
			<Set Name="Other">
				<Setting Name="checkbox_other_requestconfrontfearviauplink">TRUE</Setting>
			</Set>
			<Set Name="Debug">
				<Setting Name="checkbox_debug_casting">FALSE</Setting>
				<Setting Name="checkbox_debug_whatisthebotdoing">FALSE</Setting>
			</Set>
			<Set Name="AutoTarget">
				<Setting Name="slider_autotarget_scanradius">40</Setting>
				<Setting Name="checkbox_autotarget_enabled">FALSE</Setting>
				<Setting Name="slider_autotarget_rescantime">381</Setting>
				<Setting Name="slider_autotarget_scanheight">5</Setting>
			</Set>
			<Set Name="Load">
				<Setting Name="checkbox_load_ogreircuplink">FALSE</Setting>
				<Setting Name="checkbox_load_radaroff">TRUE</Setting>
				<Setting Name="checkbox_load_ogreirc">TRUE</Setting>
				<Setting Name="checkbox_load_radaron">FALSE</Setting>
			</Set>
			<Set Name="LoadExecute">
				<Set Name="1">
					<Setting Name="__SourceName">eq2execute ics_playercombatautoface 0</Setting>
				</Set>
			</Set>
			<Set Name="EquipmentInfo">
				<Setting Name="combobox_equipmentinfo_charmoption1">Item:Sigil of the War Prince</Setting>
				<Setting Name="combobox_equipmentinfo_charmoption2">Item:The Polliwog Eye</Setting>
			</Set>
			<Set Name="OgreConsole">
				<Setting Name="textentry_ogreconsole_x">483</Setting>
				<Setting Name="textentry_ogreconsole_y">851</Setting>
				<Setting Name="textentry_ogreconsole_width">632</Setting>
				<Setting Name="textentry_ogreconsole_height">177</Setting>
			</Set>
			<Set Name="Ascension">
				<Setting Name="checkbox_ascension_etherflash_preventport">TRUE</Setting>
			</Set>
			<Set Name="Coercer">
				<Setting Name="textentry_coercer_irrotationtext">Intellectual Remedy</Setting>
			</Set>
			<Set Name="Items">
				<Set Name="1">
					<Setting Name="__SourceName">Aurelian Runestone</Setting>
				</Set>
			</Set>
		</Set>
	</Set>
</InnerSpaceSettings>
