﻿<?xml version='1.0' encoding='UTF-8'?>
<!-- Generated by LavishSettings v2 -->
<InnerSpaceSettings>
	<Set Name="Profiles">
		<Setting Name="DefaultProfiles">Troub</Setting>
		<Set Name="Troub">
			<Set Name="Settings">
				<Setting Name="checkbox_settings_buffs">FALSE</Setting>
				<Setting Name="checkbox_settings_combatarts">FALSE</Setting>
				<Setting Name="checkbox_settings_namedcombatarts">FALSE</Setting>
				<Setting Name="checkbox_settings_rangedattack">FALSE</Setting>
				<Setting Name="checkbox_settings_autoattacktiming">TRUE</Setting>
				<Setting Name="checkbox_settings_meleeattack">TRUE</Setting>
				<Setting Name="checkbox_settings_ignoretargettoattackhealthcheck">TRUE</Setting>
				<Setting Name="checkbox_settings_loot">FALSE</Setting>
				<Setting Name="checkbox_settings_acceptloot">TRUE</Setting>
				<Setting Name="checkbox_settings_acceptres">TRUE</Setting>
				<Setting Name="checkbox_settings_prioritytab">FALSE</Setting>
				<Setting Name="checkbox_settings_acceptinvites">TRUE</Setting>
				<Setting Name="checkbox_settings_enablealiases">TRUE</Setting>
				<Setting Name="checkbox_settings_enableogremcp">FALSE</Setting>
				<Setting Name="checkbox_settings_enableonscreenassistant">FALSE</Setting>
				<Setting Name="checkbox_settings_enableannouncetab">TRUE</Setting>
				<Setting Name="checkbox_settings_raidoptions">TRUE</Setting>
				<Setting Name="checkbox_settings_grindoptions">TRUE</Setting>
				<Setting Name="checkbox_settings_encountersmartnukes">TRUE</Setting>
				<Setting Name="checkbox_settings_aesmartnukes">TRUE</Setting>
				<Setting Name="checkbox_settings_autotargetwhenhated">TRUE</Setting>
				<Setting Name="checkbox_settings_res">FALSE</Setting>
				<Setting Name="checkbox_settings_dopowerheals">TRUE</Setting>
				<Setting Name="checkbox_settings_assist">TRUE</Setting>
				<Setting Name="checkbox_settings_autofollow">FALSE</Setting>
				<Setting Name="checkbox_settings_chaintab">FALSE</Setting>
				<Setting Name="checkbox_settings_movetoarea">TRUE</Setting>
				<Setting Name="checkbox_settings_doho">FALSE</Setting>
				<Setting Name="checkbox_settings_facenpc">TRUE</Setting>
				<Setting Name="checkbox_settings_turnoffattack">TRUE</Setting>
				<Setting Name="checkbox_settings_movemelee">FALSE</Setting>
				<Setting Name="checkbox_settings_movebehind">FALSE</Setting>
				<Setting Name="checkbox_settings_cancelinvisaftercombat">TRUE</Setting>
				<Setting Name="checkbox_settings_acceptdungeonfinderisready">TRUE</Setting>
				<Setting Name="checkbox_settings_acceptraidreadychecks">TRUE</Setting>
				<Setting Name="checkbox_settings_enableitemsinabilitylists">TRUE</Setting>
				<Setting Name="checkbox_settings_waitforautoattack">FALSE</Setting>
				<Setting Name="checkbox_settings_autospend_deitypoints">TRUE</Setting>
				<Setting Name="checkbox_settings_autoshare_ethereal_missions">FALSE</Setting>
				<Setting Name="checkbox_settings_autocomplete_ascensioncombos">FALSE</Setting>
				<Setting Name="checkbox_settings_handle_hq_earring">TRUE</Setting>
				<Setting Name="checkbox_settings_summon_familiar">TRUE</Setting>
				<Setting Name="checkbox_settings_forcenamedcatab">FALSE</Setting>
				<Setting Name="checkbox_settings_autospend_skipcb">FALSE</Setting>
				<Setting Name="checkbox_settings_show_deitypoints_spent">FALSE</Setting>
				<Setting Name="checkbox_settings_autospend_skipstamina">TRUE</Setting>
				<Setting Name="checkbox_settings_autospend_skippotency">TRUE</Setting>
				<Setting Name="checkbox_settings_no_overseer">TRUE</Setting>
				<Setting Name="checkbox_settings_do_not_show_revision_history">TRUE</Setting>
				<Setting Name="checkbox_settings_donotsendpettoattack">FALSE</Setting>
				<Setting Name="checkbox_settings_disablemercsupport">TRUE</Setting>
				<Setting Name="checkbox_settings_accept_zonein_confirmation">TRUE</Setting>
				<Setting Name="checkbox_settings_enable_chatevents">TRUE</Setting>
				<Setting Name="checkbox_settings_acceptnochoicerewards">TRUE</Setting>
				<Setting Name="checkbox_settings_crowdcontrol">FALSE</Setting>
				<Setting Name="checkbox_settings_disablecaststack_cure">FALSE</Setting>
				<Setting Name="checkbox_settings_ignoremovetoattackhealthcheck">TRUE</Setting>
				<Setting Name="checkbox_settings_consumeitems">TRUE</Setting>
				<Setting Name="checkbox_settings_disable_dbc_claim">TRUE</Setting>
				<Setting Name="checkbox_settings_enable_abilityrotate">TRUE</Setting>
				<Setting Name="checkbox_settings_enable_itemrotate">TRUE</Setting>
				<Setting Name="checkbox_settings_dov_raid_debuff">TRUE</Setting>
				<Setting Name="checkbox_settings_dov_raid_debuff_allow_moving">TRUE</Setting>
				<Setting Name="checkbox_settings_enablepetsindropdowns">TRUE</Setting>
				<Setting Name="checkbox_settings_enable_tag_embargo">TRUE</Setting>
				<Setting Name="checkbox_settings_enable_tag_allow">TRUE</Setting>
				<Setting Name="checkbox_settings_ascension_embargo_and_combos">FALSE</Setting>
				<Setting Name="checkbox_settings_show_surge_messages">FALSE</Setting>
				<Setting Name="checkbox_settings_raidoptionslimited">FALSE</Setting>
				<Setting Name="checkbox_settings_auto_use_temporary_mount_reduction">TRUE</Setting>
				<Setting Name="checkbox_settings_globally_mute_abilityrotation">TRUE</Setting>
				<Setting Name="checkbox_settings_cancelabilitiestogroupcure">TRUE</Setting>
				<Setting Name="checkbox_settings_disablecaststack_buffs">FALSE</Setting>
				<Setting Name="checkbox_settings_auto_use_temporary_familiar_experience">TRUE</Setting>
				<Setting Name="checkbox_settings_auto_use_temporary_research_reduction">TRUE</Setting>
				<Setting Name="checkbox_settings_disablecaststack_items">FALSE</Setting>
				<Setting Name="checkbox_settings_disableabilitycollisionchecks">TRUE</Setting>
				<Setting Name="checkbox_settings_npc_cast_monitoring">TRUE</Setting>
			</Set>
			<Set Name="Setup">
				<Setting Name="textentry_setup_percenttoattack">99</Setting>
				<Setting Name="textentry_setup_moveintoattackrangehealthpercent">99</Setting>
				<Setting Name="textentry_setup_petpercenttoattack">97</Setting>
				<Setting Name="textentry_setup_powertousecas">1</Setting>
				<Setting Name="textentry_setup_healthtousecas">1</Setting>
				<Setting Name="textentry_setup_percenttousemanastone">10</Setting>
				<Setting Name="textentry_setup_percenttouseshards">10</Setting>
				<Setting Name="textentry_setup_reswaittimer">2</Setting>
				<Setting Name="checkbox_setup_broadcasttellstouplink">TRUE</Setting>
				<Setting Name="checkbox_setup_receivetellsfromuplink">FALSE</Setting>
				<Setting Name="combobox_setup_autofollowname">*Tank</Setting>
				<Setting Name="combobox_setup_shardcaster">Disabled</Setting>
				<Setting Name="combobox_setup_heartcaster">Disabled</Setting>
				<Setting Name="textentry_setup_spellrangeextender">0</Setting>
				<Setting Name="textentry_setup_moveintomeleerangemaxdistance">100</Setting>
				<Setting Name="textentry_setup_autofollowmaxdistance">50</Setting>
				<Setting Name="textentry_setup_pbaetargets">3</Setting>
				<Setting Name="textentry_setup_encountertargets">3</Setting>
			</Set>
			<Set Name="Aliases">
				<Set Name="1">
					<Setting Name="__SourceName">*MageDPS</Setting>
					<Setting Name="For">EditMe</Setting>
				</Set>
				<Set Name="2">
					<Setting Name="__SourceName">*MageDPS</Setting>
					<Setting Name="For">EditMe</Setting>
				</Set>
				<Set Name="3">
					<Setting Name="__SourceName">*MeleeDPS</Setting>
					<Setting Name="For">EditMe</Setting>
				</Set>
				<Set Name="4">
					<Setting Name="__SourceName">*MeleeDPS</Setting>
					<Setting Name="For">EditMe</Setting>
				</Set>
				<Set Name="5">
					<Setting Name="__SourceName">*JCap1</Setting>
					<Setting Name="For">Emanuel</Setting>
				</Set>
				<Set Name="6">
					<Setting Name="__SourceName">*JCap1</Setting>
					<Setting Name="For">EditMe</Setting>
				</Set>
				<Set Name="7">
					<Setting Name="__SourceName">*JCap2</Setting>
					<Setting Name="For">Paccheri</Setting>
				</Set>
				<Set Name="8">
					<Setting Name="__SourceName">*JCap2</Setting>
					<Setting Name="For">EditMe</Setting>
				</Set>
			</Set>
			<Set Name="SetupInvis">
				<Set Name="1">
					<Setting Name="__SourceName">Bump</Setting>
				</Set>
			</Set>
			<Set Name="CastStack">
				<Set Name="1">
					<Setting Name="__SourceName">Energizing Ballad</Setting>
					<Setting Name="ID">TRUE</Setting>
					<Setting Name="Target">@DPS1</Setting>
					<Setting Name="Type">Combat</Setting>
				</Set>
				<Set Name="2">
					<Setting Name="__SourceName">Jester's Cap</Setting>
					<Setting Name="Target">@DPS1</Setting>
					<Setting Name="Type">Combat</Setting>
				</Set>
				<Set Name="3">
					<Setting Name="__SourceName">Jester's Cap</Setting>
					<Setting Name="Target">@Tank</Setting>
					<Setting Name="Type">Combat</Setting>
				</Set>
				<Set Name="4">
					<Setting Name="#">1</Setting>
					<Setting Name="__SourceName">Countersong</Setting>
					<Setting Name="Type">CA</Setting>
				</Set>
				<Set Name="5">
					<Setting Name="__SourceName">-------------------------------------------------------------------------------</Setting>
					<Setting Name="Type">CA</Setting>
				</Set>
				<Set Name="6">
					<Setting Name="#">1</Setting>
					<Setting Name="__SourceName">Melody of Affliction</Setting>
					<Setting Name="ATag">VCBuilder</Setting>
					<Setting Name="AType">Listen Only</Setting>
					<Setting Name="Type">CA</Setting>
				</Set>
				<Set Name="7">
					<Setting Name="#">2</Setting>
					<Setting Name="__SourceName">Thunderous Overture</Setting>
					<Setting Name="ATag">VCBuilder</Setting>
					<Setting Name="AType">Listen Only</Setting>
					<Setting Name="Type">CA</Setting>
				</Set>
				<Set Name="8">
					<Setting Name="#">2</Setting>
					<Setting Name="__SourceName">Dagger Storm</Setting>
					<Setting Name="ATag">VCBuilder</Setting>
					<Setting Name="AType">Listen Only</Setting>
					<Setting Name="Type">CA</Setting>
				</Set>
				<Set Name="9">
					<Setting Name="__SourceName">Levinbolt</Setting>
					<Setting Name="ATag">VCBuilder</Setting>
					<Setting Name="AType">Listen Only</Setting>
					<Setting Name="Type">NamedCA</Setting>
				</Set>
				<Set Name="10">
					<Setting Name="__SourceName">Focused Blast</Setting>
					<Setting Name="ATag">VCBuilder</Setting>
					<Setting Name="AType">Listen Only</Setting>
					<Setting Name="Type">NamedCA</Setting>
				</Set>
				<Set Name="11">
					<Setting Name="__SourceName">Compounding Force</Setting>
					<Setting Name="ATag">VCBuilder</Setting>
					<Setting Name="AType">Listen Only</Setting>
					<Setting Name="Type">NamedCA</Setting>
				</Set>
				<Set Name="12">
					<Setting Name="__SourceName">Mana Schism</Setting>
					<Setting Name="ATag">VCBuilder</Setting>
					<Setting Name="AType">Listen Only</Setting>
					<Setting Name="Type">NamedCA</Setting>
				</Set>
				<Set Name="13">
					<Setting Name="__SourceName">Cascading Force</Setting>
					<Setting Name="ATag">VCBuilder</Setting>
					<Setting Name="AType">Listen Only</Setting>
					<Setting Name="Type">NamedCA</Setting>
				</Set>
				<Set Name="14">
					<Setting Name="#">2</Setting>
					<Setting Name="__SourceName">Implosion</Setting>
					<Setting Name="ATag">VCBuilder</Setting>
					<Setting Name="AType">Listen Only</Setting>
					<Setting Name="Type">CA</Setting>
				</Set>
				<Set Name="15">
					<Setting Name="#">1</Setting>
					<Setting Name="__SourceName">Etherflash</Setting>
					<Setting Name="ATag">VCBuilder</Setting>
					<Setting Name="AType">Listen Only</Setting>
					<Setting Name="Type">NamedCA</Setting>
				</Set>
				<Set Name="16">
					<Setting Name="__SourceName">-------------------------------------------------------------------------------</Setting>
					<Setting Name="Type">CA</Setting>
				</Set>
				<Set Name="17">
					<Setting Name="__SourceName">Ceremonial Blade</Setting>
					<Setting Name="ATag">FastCast</Setting>
					<Setting Name="AType">Listen Only</Setting>
					<Setting Name="Type">CA</Setting>
				</Set>
				<Set Name="18">
					<Setting Name="__SourceName">Evasive Maneuvers</Setting>
					<Setting Name="ATag">FastCast</Setting>
					<Setting Name="AType">Listen Only</Setting>
					<Setting Name="Type">CA</Setting>
				</Set>
				<Set Name="19">
					<Setting Name="__SourceName">Turnstrike</Setting>
					<Setting Name="ATag">FastCast</Setting>
					<Setting Name="AType">Listen Only</Setting>
					<Setting Name="ID">TRUE</Setting>
					<Setting Name="Type">CA</Setting>
				</Set>
				<Set Name="20">
					<Setting Name="__SourceName">Dancing Blade</Setting>
					<Setting Name="ATag">FastCast</Setting>
					<Setting Name="AType">Listen Only</Setting>
					<Setting Name="ID">TRUE</Setting>
					<Setting Name="Type">CA</Setting>
				</Set>
				<Set Name="21">
					<Setting Name="__SourceName">Depressing Chant</Setting>
					<Setting Name="ATag">FastCast</Setting>
					<Setting Name="AType">Listen Only</Setting>
					<Setting Name="ID">TRUE</Setting>
					<Setting Name="Type">CA</Setting>
				</Set>
				<Set Name="22">
					<Setting Name="__SourceName">Vexing Verses</Setting>
					<Setting Name="ATag">FastCast</Setting>
					<Setting Name="AType">Listen Only</Setting>
					<Setting Name="ID">TRUE</Setting>
					<Setting Name="Type">CA</Setting>
				</Set>
				<Set Name="23">
					<Setting Name="__SourceName">Singing Shot</Setting>
					<Setting Name="ATag">FastCast</Setting>
					<Setting Name="AType">Listen Only</Setting>
					<Setting Name="ID">TRUE</Setting>
					<Setting Name="Type">CA</Setting>
				</Set>
				<Set Name="24">
					<Setting Name="__SourceName">Perfect Shrill</Setting>
					<Setting Name="ATag">FastCast</Setting>
					<Setting Name="AType">Listen Only</Setting>
					<Setting Name="Type">CA</Setting>
				</Set>
				<Set Name="25">
					<Setting Name="__SourceName">Depressing Chant</Setting>
					<Setting Name="ATag">ECPostCast</Setting>
					<Setting Name="AType">Listen Only</Setting>
					<Setting Name="ID">TRUE</Setting>
					<Setting Name="Type">CA</Setting>
				</Set>
				<Set Name="26">
					<Setting Name="__SourceName">-------------------------------------------------------------------------------</Setting>
					<Setting Name="Type">CA</Setting>
				</Set>
				<Set Name="27">
					<Setting Name="#">2</Setting>
					<Setting Name="%">50</Setting>
					<Setting Name="__SourceName">Bagpipe Solo</Setting>
					<Setting Name="Named">TRUE</Setting>
					<Setting Name="Target">@Me</Setting>
					<Setting Name="Type">PowerHeal</Setting>
				</Set>
				<Set Name="28">
					<Setting Name="#">2</Setting>
					<Setting Name="%">50</Setting>
					<Setting Name="__SourceName">Bagpipe Solo</Setting>
					<Setting Name="Named">TRUE</Setting>
					<Setting Name="Target">@Me</Setting>
					<Setting Name="Type">Heal</Setting>
				</Set>
				<Set Name="29">
					<Setting Name="#">1</Setting>
					<Setting Name="__SourceName">Tap Essence</Setting>
					<Setting Name="MP&lt;">50</Setting>
					<Setting Name="Type">CA</Setting>
				</Set>
				<Set Name="30">
					<Setting Name="#">1</Setting>
					<Setting Name="__SourceName">Sonic Interference</Setting>
					<Setting Name="Type">CA</Setting>
				</Set>
				<Set Name="31">
					<Setting Name="#">1</Setting>
					<Setting Name="__SourceName">Dagger Storm</Setting>
					<Setting Name="Type">CA</Setting>
				</Set>
				<Set Name="32">
					<Setting Name="__SourceName">Ethereal Conduit</Setting>
					<Setting Name="ATag">ECPostCast</Setting>
					<Setting Name="AType">Trigger Only</Setting>
					<Setting Name="ETag">EARefresh</Setting>
					<Setting Name="EType">Listen Only</Setting>
					<Setting Name="Named">TRUE</Setting>
					<Setting Name="Target">@Me</Setting>
					<Setting Name="Type">Combat</Setting>
				</Set>
				<Set Name="33">
					<Setting Name="#">1</Setting>
					<Setting Name="__SourceName">Demoralizing Processional</Setting>
					<Setting Name="Type">NamedCA</Setting>
				</Set>
				<Set Name="34">
					<Setting Name="#">1</Setting>
					<Setting Name="__SourceName">Zander's Choral Rebuff</Setting>
					<Setting Name="Type">NamedCA</Setting>
				</Set>
				<Set Name="35">
					<Setting Name="#">1</Setting>
					<Setting Name="__SourceName">Disheartening Descant</Setting>
					<Setting Name="Type">NamedCA</Setting>
				</Set>
				<Set Name="36">
					<Setting Name="#">1</Setting>
					<Setting Name="__SourceName">Chaos Anthem</Setting>
					<Setting Name="Type">NamedCA</Setting>
				</Set>
				<Set Name="37">
					<Setting Name="__SourceName">Victorious Concerto</Setting>
					<Setting Name="ETag">ROVC</Setting>
					<Setting Name="EType">Trigger Only</Setting>
					<Setting Name="Type">NamedCA</Setting>
				</Set>
				<Set Name="38">
					<Setting Name="__SourceName">Rhythmic Overture</Setting>
					<Setting Name="ATag">VCBuilder</Setting>
					<Setting Name="AType">Trigger Only</Setting>
					<Setting Name="ETag">ROVC</Setting>
					<Setting Name="EType">Listen Only</Setting>
					<Setting Name="Fervor&gt;">450</Setting>
					<Setting Name="Type">NamedCA</Setting>
				</Set>
				<Set Name="39">
					<Setting Name="__SourceName">Feedback Loop</Setting>
					<Setting Name="ATag">FastCast</Setting>
					<Setting Name="AType">Trigger Only</Setting>
					<Setting Name="Type">NamedCA</Setting>
				</Set>
				<Set Name="40">
					<Setting Name="#">1</Setting>
					<Setting Name="__SourceName">Melody of Affliction</Setting>
					<Setting Name="Type">NamedCA</Setting>
				</Set>
				<Set Name="41">
					<Setting Name="__Disabled">TRUE</Setting>
					<Setting Name="__SourceName">Maelstrom of Sound</Setting>
					<Setting Name="Tag">roots you</Setting>
					<Setting Name="Type">NamedCA</Setting>
				</Set>
				<Set Name="42">
					<Setting Name="__SourceName">Maestros Harmony</Setting>
					<Setting Name="N_HP&lt;">99</Setting>
					<Setting Name="Type">NamedCA</Setting>
				</Set>
				<Set Name="43">
					<Setting Name="__SourceName">Perfection of the Maestro</Setting>
					<Setting Name="Type">CA</Setting>
				</Set>
				<Set Name="44">
					<Setting Name="__SourceName">Requiem</Setting>
					<Setting Name="Type">CA</Setting>
				</Set>
				<Set Name="45">
					<Setting Name="__Disabled">TRUE</Setting>
					<Setting Name="__SourceName">Cadence of Destruction</Setting>
					<Setting Name="Type">CA</Setting>
				</Set>
				<Set Name="46">
					<Setting Name="#">1</Setting>
					<Setting Name="__SourceName">Reverberation</Setting>
					<Setting Name="ETag">Reberberation</Setting>
					<Setting Name="Type">CA</Setting>
				</Set>
				<Set Name="47">
					<Setting Name="__SourceName">Discordant Verse</Setting>
					<Setting Name="Type">NamedCA</Setting>
				</Set>
				<Set Name="48">
					<Setting Name="__SourceName">Cheap Shot</Setting>
					<Setting Name="ID">TRUE</Setting>
					<Setting Name="Type">CA</Setting>
				</Set>
				<Set Name="49">
					<Setting Name="__Disabled">TRUE</Setting>
					<Setting Name="__SourceName">Sinister Strike</Setting>
					<Setting Name="Type">CA</Setting>
				</Set>
				<Set Name="50">
					<Setting Name="__SourceName">Night Strike</Setting>
					<Setting Name="ID">TRUE</Setting>
					<Setting Name="Type">CA</Setting>
				</Set>
				<Set Name="51">
					<Setting Name="__SourceName">Evade</Setting>
					<Setting Name="Type">CA</Setting>
				</Set>
				<Set Name="52">
					<Setting Name="__SourceName">Breathtaking Bellow</Setting>
					<Setting Name="Type">CA</Setting>
				</Set>
				<Set Name="53">
					<Setting Name="__SourceName">Perfect Shrill</Setting>
					<Setting Name="Type">CA</Setting>
				</Set>
				<Set Name="54">
					<Setting Name="__SourceName">Turnstrike</Setting>
					<Setting Name="Type">CA</Setting>
				</Set>
				<Set Name="55">
					<Setting Name="#">1</Setting>
					<Setting Name="__SourceName">Reverberation</Setting>
					<Setting Name="Type">CA</Setting>
				</Set>
				<Set Name="56">
					<Setting Name="__SourceName">Ceremonial Blade</Setting>
					<Setting Name="Type">CA</Setting>
				</Set>
				<Set Name="57">
					<Setting Name="__SourceName">Evasive Maneuvers</Setting>
					<Setting Name="Type">CA</Setting>
				</Set>
				<Set Name="58">
					<Setting Name="__SourceName">Dancing Blade</Setting>
					<Setting Name="Type">CA</Setting>
				</Set>
				<Set Name="59">
					<Setting Name="__SourceName">Painful Lamentations</Setting>
					<Setting Name="Type">CA</Setting>
				</Set>
				<Set Name="60">
					<Setting Name="#">1</Setting>
					<Setting Name="__SourceName">Thunderous Overture</Setting>
					<Setting Name="Type">CA</Setting>
				</Set>
				<Set Name="61">
					<Setting Name="__SourceName">Deadly Dance</Setting>
					<Setting Name="Type">NamedCA</Setting>
				</Set>
				<Set Name="62">
					<Setting Name="#">1</Setting>
					<Setting Name="__SourceName">Chaos Anthem</Setting>
					<Setting Name="Type">CA</Setting>
				</Set>
				<Set Name="63">
					<Setting Name="#">1</Setting>
					<Setting Name="__SourceName">Implosion</Setting>
					<Setting Name="ID">TRUE</Setting>
					<Setting Name="Tag">Teleport</Setting>
					<Setting Name="Type">CA</Setting>
				</Set>
				<Set Name="64">
					<Setting Name="#">3</Setting>
					<Setting Name="__SourceName">Thunderous Overture</Setting>
					<Setting Name="Type">CA</Setting>
				</Set>
				<Set Name="65">
					<Setting Name="__SourceName">Singing Shot</Setting>
					<Setting Name="Type">CA</Setting>
				</Set>
				<Set Name="66">
					<Setting Name="#">2</Setting>
					<Setting Name="__SourceName">Thunderous Overture</Setting>
					<Setting Name="Type">CA</Setting>
				</Set>
				<Set Name="67">
					<Setting Name="__SourceName">Depressing Chant</Setting>
					<Setting Name="Type">CA</Setting>
				</Set>
				<Set Name="68">
					<Setting Name="__SourceName">Vexing Verses</Setting>
					<Setting Name="Type">CA</Setting>
				</Set>
				<Set Name="69">
					<Setting Name="__SourceName">Intrinsic Nature</Setting>
					<Setting Name="Type">Buff</Setting>
				</Set>
				<Set Name="70">
					<Setting Name="__Disabled">TRUE</Setting>
					<Setting Name="__SourceName">Arcane Symphony</Setting>
					<Setting Name="Type">Buff</Setting>
				</Set>
				<Set Name="71">
					<Setting Name="__SourceName">Aria of Magic</Setting>
					<Setting Name="Type">Buff</Setting>
				</Set>
				<Set Name="72">
					<Setting Name="__SourceName">Allegro</Setting>
					<Setting Name="Type">Buff</Setting>
				</Set>
				<Set Name="73">
					<Setting Name="__SourceName">Allegretto</Setting>
					<Setting Name="Type">Buff</Setting>
				</Set>
				<Set Name="74">
					<Setting Name="__SourceName">Alin's Serene Serenade</Setting>
					<Setting Name="Type">Buff</Setting>
				</Set>
				<Set Name="75">
					<Setting Name="__SourceName">Ayonic Inspiration</Setting>
					<Setting Name="Type">Buff</Setting>
				</Set>
				<Set Name="76">
					<Setting Name="__SourceName">Bria's Inspiring Ballad</Setting>
					<Setting Name="Type">Buff</Setting>
					<Setting Name="__Disabled">TRUE</Setting>
				</Set>
				<Set Name="77">
					<Setting Name="__SourceName">Dexterous Sonata</Setting>
					<Setting Name="Type">Buff</Setting>
				</Set>
				<Set Name="78">
					<Setting Name="__SourceName">Daelis' Dance of Blades</Setting>
					<Setting Name="Type">Buff</Setting>
				</Set>
				<Set Name="79">
					<Setting Name="__SourceName">Don't Kill the Messenger</Setting>
					<Setting Name="Type">Buff</Setting>
				</Set>
				<Set Name="80">
					<Setting Name="__SourceName">Dozekar's Resilience</Setting>
					<Setting Name="Type">Buff</Setting>
				</Set>
				<Set Name="81">
					<Setting Name="__SourceName">Etherlord</Setting>
					<Setting Name="Type">Buff</Setting>
				</Set>
				<Set Name="82">
					<Setting Name="__Disabled">TRUE</Setting>
					<Setting Name="__SourceName">Elemental Concerto</Setting>
					<Setting Name="Type">Buff</Setting>
				</Set>
				<Set Name="83">
					<Setting Name="__SourceName">Harmonization</Setting>
					<Setting Name="Type">Buff</Setting>
				</Set>
				<Set Name="84">
					<Setting Name="__SourceName">Impassioned Rousing</Setting>
					<Setting Name="Type">Buff</Setting>
				</Set>
				<Set Name="85">
					<Setting Name="__SourceName">Raxxyl's Rousing Tune</Setting>
					<Setting Name="Type">Buff</Setting>
				</Set>
				<Set Name="86">
					<Setting Name="__SourceName">Rejuvenating Celebration</Setting>
					<Setting Name="Type">Buff</Setting>
					<Setting Name="__Disabled">TRUE</Setting>
				</Set>
				<Set Name="87">
					<Setting Name="__SourceName">Reign of Shadows: Ethereal Familiar Infusion</Setting>
					<Setting Name="Type">Buff</Setting>
				</Set>
				<Set Name="88">
					<Setting Name="__SourceName">Reign of Shadows: Ethereal Mount Infusion</Setting>
					<Setting Name="Type">Buff</Setting>
				</Set>
				<Set Name="89">
					<Setting Name="__SourceName">Resonance</Setting>
					<Setting Name="Type">Buff</Setting>
				</Set>
				<Set Name="90">
					<Setting Name="__SourceName">Selo's Accelerando</Setting>
					<Setting Name="Type">Buff</Setting>
				</Set>
				<Set Name="91">
					<Setting Name="__SourceName">Persistence</Setting>
					<Setting Name="Type">NonCombatBuff</Setting>
				</Set>
				<Set Name="92">
					<Setting Name="__Disabled">TRUE</Setting>
					<Setting Name="__SourceName">Requiem of Reflection</Setting>
					<Setting Name="Type">Buff</Setting>
				</Set>
				<Set Name="93">
					<Setting Name="__SourceName">Song of Magic</Setting>
					<Setting Name="Tag">ConcSlot</Setting>
					<Setting Name="Type">Buff</Setting>
				</Set>
				<Set Name="94">
					<Setting Name="__SourceName">Upbeat Tempo</Setting>
					<Setting Name="Target">@DPS1</Setting>
					<Setting Name="Type">Buff</Setting>
				</Set>
				<Set Name="95">
					<Setting Name="__Disabled">TRUE</Setting>
					<Setting Name="__SourceName">Fortissimo</Setting>
					<Setting Name="Type">Buff</Setting>
				</Set>
				<Set Name="96">
					<Setting Name="__SourceName">Guild Buff</Setting>
					<Setting Name="Type">NonCombatBuff</Setting>
				</Set>
				<Set Name="97">
					<Setting Name="__SourceName">Viridescent Feathered Stalker</Setting>
					<Setting Name="Type">Buff</Setting>
				</Set>
				<Set Name="98">
					<Setting Name="__SourceName">-------------------------------------------------------------------------------</Setting>
					<Setting Name="Type">CA</Setting>
				</Set>
				<Set Name="99">
					<Setting Name="__SourceName">-------------------------------------------------------------------------------</Setting>
					<Setting Name="Type">CA</Setting>
				</Set>
				<Set Name="100">
					<Setting Name="__SourceName">-------------------------------------------------------------------------------</Setting>
					<Setting Name="Type">CA</Setting>
				</Set>
				<Set Name="101">
					<Setting Name="__SourceName">-------------------------------------------------------------------------------</Setting>
					<Setting Name="Type">CA</Setting>
				</Set>
				<Set Name="102">
					<Setting Name="__ENDOFCASTSTACK">TRUE</Setting>
					<Setting Name="__SourceName">============= END OF CAST STACK =============</Setting>
					<Setting Name="Type">Buff</Setting>
				</Set>
			</Set>
			<Set Name="Assist">
				<Set Name="1">
					<Setting Name="__SourceName">*Tank</Setting>
				</Set>
			</Set>
			<Set Name="Precast">
				<Set Name="1">
					<Setting Name="__SourceName">Dragon Claws</Setting>
					<Setting Name="On">Dagger Storm</Setting>
				</Set>
			</Set>
			<Set Name="Postcast">
				<Set Name="1">
					<Setting Name="__SourceName">Focused Blast</Setting>
					<Setting Name="After">Levinbolt</Setting>
				</Set>
			</Set>
			<Set Name="Loot">
				<Setting Name="checkbox_loot_ffaaccept">TRUE</Setting>
				<Setting Name="checkbox_loot_confirmnotrade">TRUE</Setting>
				<Setting Name="checkbox_loot_ffalooteverything">TRUE</Setting>
			</Set>
			<Set Name="OSA">
				<Setting Name="slider_osa_radius">53</Setting>
				<Setting Name="textentry_osa_radius">53</Setting>
				<Setting Name="checkbox_osa_targetsonly">TRUE</Setting>
			</Set>
			<Set Name="Announce">
				<Set Name="1">
					<Setting Name="__SourceName">Perfection of the Maestro</Setting>
					<Setting Name="Target">Raid</Setting>
					<Setting Name="Txt">POTM is up!</Setting>
				</Set>
				<Set Name="2">
					<Setting Name="__SourceName">Bladedance</Setting>
					<Setting Name="Target">Raid</Setting>
					<Setting Name="Txt">Casting *Ability*</Setting>
				</Set>
				<Set Name="3">
					<Setting Name="__SourceName">Maestros Harmony</Setting>
					<Setting Name="Target">Raid</Setting>
					<Setting Name="Txt">Raidwide Doublecast for 50 sec</Setting>
				</Set>
				<Set Name="4">
					<Setting Name="__SourceName">Victorious Concerto</Setting>
					<Setting Name="Target">Group</Setting>
					<Setting Name="Txt">VC in - GO!</Setting>
				</Set>
				<Set Name="5">
					<Setting Name="__SourceName">Slice of Despair</Setting>
					<Setting Name="Target">Raid</Setting>
					<Setting Name="Txt">Casting Slice of Despair</Setting>
				</Set>
				<Set Name="6">
					<Setting Name="__SourceName">Fabled Slice of Despair</Setting>
					<Setting Name="Target">Raid</Setting>
					<Setting Name="Txt">Casting *Ability* on *Target*</Setting>
				</Set>
				<Set Name="7">
					<Setting Name="__SourceName">Victorious Concerto</Setting>
					<Setting Name="Target">Execute In Console</Setting>
					<Setting Name="Txt">oc !c -AbilityTag all FastCast 11 Allow -g TroubName</Setting>
				</Set>
				<Set Name="8">
					<Setting Name="__SourceName">Quick Tempo</Setting>
					<Setting Name="Target">Group</Setting>
					<Setting Name="Txt">QUICK TEMPO IS OUT</Setting>
				</Set>
			</Set>
			<Set Name="Other">
				<Setting Name="combobox_other_curabledisable">NULL</Setting>
				<Setting Name="checkbox_other_curabledisable">FALSE</Setting>
				<Setting Name="checkbox_other_requestconfrontfearviauplink">TRUE</Setting>
				<Setting Name="checkbox_other_requestconfrontfearviagroup">TRUE</Setting>
				<Setting Name="checkbox_other_requestconfrontfearviaraid">TRUE</Setting>
				<Setting Name="textentry_other_requestconfrontfearviagroup">Need a confront fear</Setting>
				<Setting Name="textentry_other_requestconfrontfearviaraid">Need a confront fear</Setting>
			</Set>
			<Set Name="Troubador">
				<Setting Name="textentry_troubador_potmrotationtext">POTM is up!</Setting>
				<Setting Name="checkbox_troubador_jesterscap">FALSE</Setting>
				<Setting Name="checkbox_troubador_victoriousconcerto">FALSE</Setting>
			</Set>
			<Set Name="Warlock">
				<Setting Name="checkbox_warlock_myth">TRUE</Setting>
			</Set>
			<Set Name="Debug">
				<Setting Name="checkbox_debug_castingdetails">FALSE</Setting>
				<Setting Name="checkbox_debug_whatisthebotdoing">FALSE</Setting>
				<Setting Name="checkbox_debug_chaintab">FALSE</Setting>
			</Set>
			<Set Name="Crowd_Control">
				<Set Name="1">
					<Setting Name="__SourceName">Lullaby</Setting>
				</Set>
			</Set>
			<Set Name="AutoTarget">
				<Setting Name="slider_autotarget_scanradius">20</Setting>
				<Setting Name="slider_autotarget_rescantime">254</Setting>
				<Setting Name="checkbox_autotarget_enabled">FALSE</Setting>
				<Setting Name="slider_autotarget_scanheight">5</Setting>
			</Set>
			<Set Name="Load">
				<Setting Name="checkbox_load_radaroff">TRUE</Setting>
				<Setting Name="checkbox_load_ogreirc">TRUE</Setting>
			</Set>
			<Set Name="LoadExecute">
				<Set Name="1">
					<Setting Name="__SourceName">eq2execute ics_playercombatautoface 0</Setting>
				</Set>
			</Set>
			<Set Name="EquipmentInfo">
				<Setting Name="combobox_equipmentinfo_charmoption1">Item:Sigil of the War Prince</Setting>
				<Setting Name="combobox_equipmentinfo_charmoption2">Item:The Polliwog Eye</Setting>
			</Set>
			<Set Name="HUDs">
				<Setting Name="checkbox_hud_npc">TRUE</Setting>
				<Setting Name="textentry_hud_npc_xpos">1385</Setting>
				<Setting Name="textentry_hud_npc_ypos">180</Setting>
				<Setting Name="textentry_hud_raidoptions_updateinterval">5</Setting>
				<Setting Name="textentry_hud_raidoptions_xpos">1380</Setting>
				<Setting Name="textentry_hud_raidoptions_ypos">200</Setting>
				<Setting Name="textentry_hud_raid_xpos">300</Setting>
				<Setting Name="textentry_hud_raid_ypos">561</Setting>
				<Setting Name="textentry_hud_raid_yposinc">17</Setting>
			</Set>
			<Set Name="OgreConsole">
				<Setting Name="checkbox_ogreconsole_hideonload">TRUE</Setting>
				<Setting Name="textentry_ogreconsole_x">483</Setting>
				<Setting Name="textentry_ogreconsole_y">876</Setting>
				<Setting Name="textentry_ogreconsole_width">632</Setting>
				<Setting Name="textentry_ogreconsole_height">177</Setting>
				<Setting Name="checkbox_ogreconsole_neverautoopen">TRUE</Setting>
			</Set>
			<Set Name="AscensionEmbargoList">
				<Set Name="1">
					<Setting Name="__SourceName">Ethershadow Assassin</Setting>
				</Set>
			</Set>
			<Set Name="Items">
				<Set Name="1">
					<Setting Name="__SourceName">Shadowscream Elixir of Intellect</Setting>
				</Set>
				<Set Name="2">
					<Setting Name="__SourceName">Shadowscream Scroll of Effectiveness</Setting>
				</Set>
				<Set Name="3">
					<Setting Name="__SourceName">Shadowscream Scroll of Pugilism</Setting>
				</Set>
				<Set Name="4">
					<Setting Name="__SourceName">Shadowscream Scroll of Skirmishing</Setting>
				</Set>
			</Set>
			<Set Name="Overseer">
				<Setting Name="checkbox_overseer_skip_treasured_quests">FALSE</Setting>
				<Setting Name="checkbox_overseer_skip_legendary_quests">FALSE</Setting>
			</Set>
			<Set Name="ConsumeItems">
				<Set Name="1">
					<Setting Name="__IsItem">TRUE</Setting>
					<Setting Name="__ItemName">Shadowscream Scroll of Pugilism</Setting>
					<Setting Name="__SourceName">Item:Shadowscream Scroll of Pugilism</Setting>
					<Setting Name="IC">TRUE</Setting>
				</Set>
				<Set Name="2">
					<Setting Name="__IsItem">TRUE</Setting>
					<Setting Name="__ItemName">Shadowscream Scroll of Skirmishing</Setting>
					<Setting Name="__SourceName">Item:Shadowscream Scroll of Skirmishing</Setting>
					<Setting Name="IC">TRUE</Setting>
				</Set>
				<Set Name="3">
					<Setting Name="__IsItem">TRUE</Setting>
					<Setting Name="__ItemName">Shadowscream Elixir of Intellect</Setting>
					<Setting Name="__SourceName">Item:Shadowscream Elixir of Intellect</Setting>
					<Setting Name="IC">TRUE</Setting>
				</Set>
				<Set Name="4">
					<Setting Name="__IsItem">TRUE</Setting>
					<Setting Name="__ItemName">Shadowscream Scroll of Effectiveness</Setting>
					<Setting Name="__SourceName">Item:Shadowscream Scroll of Effectiveness</Setting>
					<Setting Name="IC">TRUE</Setting>
				</Set>
			</Set>
			<Set Name="Tags_AddNew">
				<Set Name="1">
					<Setting Name="__SourceName">FastCast</Setting>
				</Set>
				<Set Name="2">
					<Setting Name="__SourceName">VCBuilder</Setting>
				</Set>
				<Set Name="3">
					<Setting Name="__SourceName">ROVC</Setting>
				</Set>
				<Set Name="4">
					<Setting Name="__SourceName">ECPostCast</Setting>
				</Set>
				<Set Name="5">
					<Setting Name="__SourceName">EARefresh</Setting>
				</Set>
				<Set Name="6">
					<Setting Name="__SourceName">FFUMimic</Setting>
				</Set>
				<Set Name="7">
					<Setting Name="__SourceName">Reberberation</Setting>
				</Set>
			</Set>
			<Set Name="Tags">
				<Set Name="1">
					<Setting Name="+">1</Setting>
					<Setting Name="__SourceName">FastCast</Setting>
					<Setting Name="I">TRUE</Setting>
					<Setting Name="Me">TRUE</Setting>
				</Set>
				<Set Name="2">
					<Setting Name="-">1</Setting>
					<Setting Name="__SourceName">VCBuilder</Setting>
					<Setting Name="I">TRUE</Setting>
					<Setting Name="Me">TRUE</Setting>
				</Set>
				<Set Name="3">
					<Setting Name="__SourceName">ROVC</Setting>
					<Setting Name="Dur">120</Setting>
					<Setting Name="I">TRUE</Setting>
					<Setting Name="Me">TRUE</Setting>
				</Set>
				<Set Name="4">
					<Setting Name="__SourceName">ECPostCast</Setting>
					<Setting Name="I">TRUE</Setting>
					<Setting Name="Me">TRUE</Setting>
				</Set>
				<Set Name="5">
					<Setting Name="__SourceName">EARefresh</Setting>
					<Setting Name="Dur">200</Setting>
					<Setting Name="I">TRUE</Setting>
					<Setting Name="Me">TRUE</Setting>
				</Set>
				<Set Name="6">
					<Setting Name="__SourceName">FFUMimic</Setting>
					<Setting Name="Me">TRUE</Setting>
				</Set>
				<Set Name="7">
					<Setting Name="__SourceName">Reberberation</Setting>
					<Setting Name="Dur">31</Setting>
					<Setting Name="Me">TRUE</Setting>
				</Set>
			</Set>
		</Set>
	</Set>
</InnerSpaceSettings>
