﻿<?xml version='1.0' encoding='UTF-8'?>
<!-- Generated by LavishSettings v2 -->
<InnerSpaceSettings>
	<Set Name="Profiles">
		<Set Name="VoV_Monk">
			<Set Name="Settings">
				<Setting Name="checkbox_settings_buffs">TRUE</Setting>
				<Setting Name="checkbox_settings_combatarts">TRUE</Setting>
				<Setting Name="checkbox_settings_namedcombatarts">TRUE</Setting>
				<Setting Name="checkbox_settings_rangedattack">TRUE</Setting>
				<Setting Name="checkbox_settings_autoattacktiming">TRUE</Setting>
				<Setting Name="checkbox_settings_meleeattack">TRUE</Setting>
				<Setting Name="checkbox_settings_turnoffattack">TRUE</Setting>
				<Setting Name="checkbox_settings_res">TRUE</Setting>
				<Setting Name="checkbox_settings_acceptres">TRUE</Setting>
				<Setting Name="checkbox_settings_prioritytab">TRUE</Setting>
				<Setting Name="checkbox_settings_doho">FALSE</Setting>
				<Setting Name="checkbox_settings_acceptinvites">TRUE</Setting>
				<Setting Name="checkbox_settings_movetoarea">TRUE</Setting>
				<Setting Name="checkbox_settings_acceptloot">TRUE</Setting>
				<Setting Name="checkbox_settings_dopowerheals">TRUE</Setting>
				<Setting Name="checkbox_settings_autofollow">FALSE</Setting>
				<Setting Name="checkbox_settings_enableonscreenassistant">TRUE</Setting>
				<Setting Name="checkbox_settings_enablealiases">TRUE</Setting>
				<Setting Name="checkbox_settings_encountersmartnukes">TRUE</Setting>
				<Setting Name="checkbox_settings_aesmartnukes">TRUE</Setting>
				<Setting Name="checkbox_settings_ignoretargettoattackhealthcheck">FALSE</Setting>
				<Setting Name="checkbox_settings_loot">TRUE</Setting>
				<Setting Name="checkbox_settings_enableannouncetab">TRUE</Setting>
				<Setting Name="checkbox_settings_enableogremcp">TRUE</Setting>
				<Setting Name="checkbox_settings_autotargetwhenhated">TRUE</Setting>
				<Setting Name="checkbox_settings_shards">TRUE</Setting>
				<Setting Name="checkbox_settings_manastone">FALSE</Setting>
				<Setting Name="checkbox_settings_movemelee">FALSE</Setting>
				<Setting Name="checkbox_settings_assist">TRUE</Setting>
				<Setting Name="checkbox_settings_acceptdungeonfinderisready">TRUE</Setting>
				<Setting Name="checkbox_settings_raidoptions">FALSE</Setting>
				<Setting Name="checkbox_settings_grindoptions">TRUE</Setting>
				<Setting Name="checkbox_settings_movebehind">FALSE</Setting>
				<Setting Name="checkbox_settings_mobpriestinfo">TRUE</Setting>
				<Setting Name="checkbox_settings_acceptraidreadychecks">TRUE</Setting>
				<Setting Name="checkbox_settings_chaintab">TRUE</Setting>
				<Setting Name="checkbox_settings_facenpc">FALSE</Setting>
				<Setting Name="checkbox_settings_raidoptionslimited">FALSE</Setting>
				<Setting Name="checkbox_settings_moveinfront">FALSE</Setting>
				<Setting Name="checkbox_settings_ignoremovetoattackhealthcheck">FALSE</Setting>
				<Setting Name="checkbox_settings_no_overseer">TRUE</Setting>
				<Setting Name="checkbox_settings_do_not_show_revision_history">TRUE</Setting>
				<Setting Name="checkbox_settings_summon_familiar">TRUE</Setting>
				<Setting Name="checkbox_settings_handle_hq_earring">FALSE</Setting>
				<Setting Name="checkbox_settings_donotsendpettoattack">FALSE</Setting>
				<Setting Name="checkbox_settings_disablemercsupport">TRUE</Setting>
				<Setting Name="checkbox_settings_disableabilitycollisionchecks">FALSE</Setting>
				<Setting Name="checkbox_settings_accept_zonein_confirmation">TRUE</Setting>
				<Setting Name="checkbox_settings_forcenamedcatab">FALSE</Setting>
				<Setting Name="checkbox_settings_enable_chatevents">TRUE</Setting>
				<Setting Name="checkbox_settings_acceptnochoicerewards">TRUE</Setting>
				<Setting Name="checkbox_settings_consumeitems">TRUE</Setting>
				<Setting Name="checkbox_settings_disable_dbc_claim">TRUE</Setting>
				<Setting Name="checkbox_settings_enable_abilityrotate">TRUE</Setting>
				<Setting Name="checkbox_settings_dov_raid_debuff">TRUE</Setting>
				<Setting Name="checkbox_settings_dov_raid_debuff_allow_moving">TRUE</Setting>
				<Setting Name="checkbox_settings_crowdcontrol">FALSE</Setting>
				<Setting Name="checkbox_settings_disablecaststack_cure">FALSE</Setting>
				<Setting Name="checkbox_settings_enable_itemrotate">TRUE</Setting>
				<Setting Name="checkbox_settings_cancelinvisaftercombat">TRUE</Setting>
				<Setting Name="checkbox_settings_enable_tag_embargo">TRUE</Setting>
				<Setting Name="checkbox_settings_enable_tag_allow">TRUE</Setting>
				<Setting Name="checkbox_settings_ascension_embargo_and_combos">FALSE</Setting>
				<Setting Name="checkbox_settings_show_surge_messages">FALSE</Setting>
				<Setting Name="checkbox_settings_castwhilemoving">TRUE</Setting>
				<Setting Name="checkbox_settings_enablepetsindropdowns">TRUE</Setting>
				<Setting Name="checkbox_settings_globally_mute_abilityrotation">TRUE</Setting>
				<Setting Name="checkbox_settings_disablecaststack_res">FALSE</Setting>
				<Setting Name="checkbox_settings_ability_tracker">FALSE</Setting>
				<Setting Name="checkbox_settings_disablecaststack">FALSE</Setting>
			</Set>
			<Set Name="Setup">
				<Setting Name="textentry_setup_percenttoattack">99</Setting>
				<Setting Name="textentry_setup_moveintoattackrangehealthpercent">99</Setting>
				<Setting Name="textentry_setup_petpercenttoattack">98</Setting>
				<Setting Name="textentry_setup_powertousecas">15</Setting>
				<Setting Name="textentry_setup_healthtousecas">1</Setting>
				<Setting Name="textentry_setup_percenttousemanastone" />
				<Setting Name="textentry_setup_percenttouseshards">20</Setting>
				<Setting Name="textentry_setup_reswaittimer">5</Setting>
				<Setting Name="textentry_setup_spellrangeextender">0</Setting>
				<Setting Name="textentry_setup_moveintomeleerangemaxdistance">40</Setting>
				<Setting Name="textentry_setup_autofollowmaxdistance">35</Setting>
				<Setting Name="checkbox_setup_broadcasttellstouplink">FALSE</Setting>
				<Setting Name="combobox_setup_shardcaster">Conj</Setting>
				<Setting Name="combobox_setup_heartcaster">Necro</Setting>
				<Setting Name="combobox_setup_autofollowname">NULL</Setting>
				<Setting Name="checkbox_setup_receivetellsfromuplink">FALSE</Setting>
				<Setting Name="textentry_setup_pbaetargets">3</Setting>
				<Setting Name="textentry_setup_encountertargets">3</Setting>
				<Setting Name="checkbox_setup_broadcastguildtouplink">FALSE</Setting>
			</Set>
			<Set Name="Aliases">
				<Set Name="1">
					<Setting Name="__SourceName">*G1Tank</Setting>
					<Setting Name="For">EditMe</Setting>
				</Set>
			</Set>
			<Set Name="CastStack">
				<Set Name="1">
					<Setting Name="__IsItem">TRUE</Setting>
					<Setting Name="__ItemName">_EQUIPPED_Left Charm_21</Setting>
					<Setting Name="__SourceName">Item:_EQUIPPED_Left Charm_21</Setting>
					<Setting Name="ATag">ColKnow</Setting>
					<Setting Name="AType">Listen Only</Setting>
					<Setting Name="Type">CA</Setting>
				</Set>
				<Set Name="2">
					<Setting Name="#">1</Setting>
					<Setting Name="%">100</Setting>
					<Setting Name="__SourceName">Earthen Phalanx</Setting>
					<Setting Name="ATag">PreCastTag</Setting>
					<Setting Name="AType">Listen Only</Setting>
					<Setting Name="Target">@Me</Setting>
					<Setting Name="Type">Heal</Setting>
				</Set>
				<Set Name="3">
					<Setting Name="#">1</Setting>
					<Setting Name="%">100</Setting>
					<Setting Name="__SourceName">Bastion of Iron</Setting>
					<Setting Name="ATag">PreCastTag</Setting>
					<Setting Name="AType">Listen Only</Setting>
					<Setting Name="Target">@Me</Setting>
					<Setting Name="Type">Heal</Setting>
				</Set>
				<Set Name="4">
					<Setting Name="%">100</Setting>
					<Setting Name="__SourceName">Lightning Palm</Setting>
					<Setting Name="ATag">PreCastTag</Setting>
					<Setting Name="AType">Listen Only</Setting>
					<Setting Name="Type">Heal</Setting>
				</Set>
				<Set Name="5">
					<Setting Name="#">1</Setting>
					<Setting Name="__Disabled">TRUE</Setting>
					<Setting Name="__SourceName">Challenge</Setting>
					<Setting Name="Tag">InterruptMode</Setting>
					<Setting Name="Type">CA</Setting>
				</Set>
				<Set Name="6">
					<Setting Name="__IsItem">TRUE</Setting>
					<Setting Name="__ItemName">Cerebral Incubator</Setting>
					<Setting Name="__SourceName">Item:Cerebral Incubator</Setting>
					<Setting Name="RIE">TRUE</Setting>
					<Setting Name="Type">Buff</Setting>
				</Set>
				<Set Name="7">
					<Setting Name="__IsItem">TRUE</Setting>
					<Setting Name="__ItemName">Gadsin's Zombified Eyeball</Setting>
					<Setting Name="__SourceName">Item:Gadsin's Zombified Eyeball</Setting>
					<Setting Name="RIE">TRUE</Setting>
					<Setting Name="Type">Buff</Setting>
				</Set>
				<Set Name="8">
					<Setting Name="__Disabled">TRUE</Setting>
					<Setting Name="__IsItem">TRUE</Setting>
					<Setting Name="__ItemName">Forlorn Cure Arcane</Setting>
					<Setting Name="__SourceName">Item:Forlorn Cure Arcane</Setting>
					<Setting Name="Tag">CurePot</Setting>
					<Setting Name="Type">Cure</Setting>
				</Set>
				<Set Name="9">
					<Setting Name="__Disabled">TRUE</Setting>
					<Setting Name="__IsItem">TRUE</Setting>
					<Setting Name="__ItemName">Forlorn Cure Elemental</Setting>
					<Setting Name="__SourceName">Item:Forlorn Cure Elemental</Setting>
					<Setting Name="Tag">CurePot</Setting>
					<Setting Name="Type">Cure</Setting>
				</Set>
				<Set Name="10">
					<Setting Name="__Disabled">TRUE</Setting>
					<Setting Name="__IsItem">TRUE</Setting>
					<Setting Name="__ItemName">Forlorn Cure Noxious</Setting>
					<Setting Name="__SourceName">Item:Forlorn Cure Noxious</Setting>
					<Setting Name="Tag">CurePot</Setting>
					<Setting Name="Type">Cure</Setting>
				</Set>
				<Set Name="11">
					<Setting Name="__Disabled">TRUE</Setting>
					<Setting Name="__IsItem">TRUE</Setting>
					<Setting Name="__ItemName">Forlorn Cure Trauma</Setting>
					<Setting Name="__SourceName">Item:Forlorn Cure Trauma</Setting>
					<Setting Name="Tag">CurePot</Setting>
					<Setting Name="Type">Cure</Setting>
				</Set>
				<Set Name="12">
					<Setting Name="__SourceName">Perfect Form</Setting>
					<Setting Name="Named">TRUE</Setting>
					<Setting Name="Target">@Me</Setting>
					<Setting Name="Type">Combat</Setting>
				</Set>
				<Set Name="13">
					<Setting Name="__Disabled">TRUE</Setting>
					<Setting Name="__SourceName">Reprimand</Setting>
					<Setting Name="Aggro&lt;">99</Setting>
					<Setting Name="Tag">Snap</Setting>
					<Setting Name="Type">CA</Setting>
				</Set>
				<Set Name="14">
					<Setting Name="__Disabled">TRUE</Setting>
					<Setting Name="__SourceName">Peel</Setting>
					<Setting Name="Aggro&lt;">99</Setting>
					<Setting Name="ETag">Snap</Setting>
					<Setting Name="Tag">Snap</Setting>
					<Setting Name="Type">NamedCA</Setting>
				</Set>
				<Set Name="15">
					<Setting Name="__Disabled">TRUE</Setting>
					<Setting Name="__SourceName">Rescue</Setting>
					<Setting Name="Aggro&lt;">99</Setting>
					<Setting Name="ETag">Snap</Setting>
					<Setting Name="Tag">Snap</Setting>
					<Setting Name="Type">NamedCA</Setting>
				</Set>
				<Set Name="16">
					<Setting Name="__Disabled">TRUE</Setting>
					<Setting Name="__SourceName">Sneering Assault</Setting>
					<Setting Name="Aggro&lt;">99</Setting>
					<Setting Name="ETag">Snap</Setting>
					<Setting Name="Tag">Snap</Setting>
					<Setting Name="Type">NamedCA</Setting>
				</Set>
				<Set Name="17">
					<Setting Name="__Disabled">TRUE</Setting>
					<Setting Name="__SourceName">Provoking Stance</Setting>
					<Setting Name="Aggro&lt;">99</Setting>
					<Setting Name="ATag">Provoke</Setting>
					<Setting Name="AType">Trigger Only</Setting>
					<Setting Name="ETag">Snap</Setting>
					<Setting Name="Tag">Snap</Setting>
					<Setting Name="Type">NamedCA</Setting>
				</Set>
				<Set Name="18">
					<Setting Name="__Disabled">TRUE</Setting>
					<Setting Name="__SourceName">Silent Threat</Setting>
					<Setting Name="Aggro&lt;">99</Setting>
					<Setting Name="ATag">Provoke</Setting>
					<Setting Name="AType">Listen Only</Setting>
					<Setting Name="Tag">Snap</Setting>
					<Setting Name="Type">NamedCA</Setting>
				</Set>
				<Set Name="19">
					<Setting Name="#">1</Setting>
					<Setting Name="__Disabled">TRUE</Setting>
					<Setting Name="__SourceName">Challenge</Setting>
					<Setting Name="Aggro&lt;">99</Setting>
					<Setting Name="ATag">Provoke</Setting>
					<Setting Name="AType">Listen Only</Setting>
					<Setting Name="Tag">Snap</Setting>
					<Setting Name="Type">NamedCA</Setting>
				</Set>
				<Set Name="20">
					<Setting Name="__Disabled">TRUE</Setting>
					<Setting Name="__SourceName">Hidden Openings</Setting>
					<Setting Name="Aggro&lt;">99</Setting>
					<Setting Name="ETag">Snap</Setting>
					<Setting Name="Tag">Snap</Setting>
					<Setting Name="Type">NamedCA</Setting>
				</Set>
				<Set Name="21">
					<Setting Name="__IsItem">TRUE</Setting>
					<Setting Name="__ItemName">_ADORN_Pack Mentality</Setting>
					<Setting Name="__SourceName">Item:_ADORN_Pack Mentality</Setting>
					<Setting Name="RIE">TRUE</Setting>
					<Setting Name="Type">NamedCA</Setting>
				</Set>
				<Set Name="22">
					<Setting Name="__SourceName">Combat Mastery</Setting>
					<Setting Name="ETag">TempBuff</Setting>
					<Setting Name="Target">@Me</Setting>
					<Setting Name="Type">Combat</Setting>
				</Set>
				<Set Name="23">
					<Setting Name="__Disabled">TRUE</Setting>
					<Setting Name="__IsItem">TRUE</Setting>
					<Setting Name="__ItemName">_ADORN_Heart of Luclin</Setting>
					<Setting Name="__SourceName">Item:_ADORN_Heart of Luclin</Setting>
					<Setting Name="RIE">TRUE</Setting>
					<Setting Name="Type">NamedCA</Setting>
				</Set>
				<Set Name="24">
					<Setting Name="__SourceName">Devastation Fist</Setting>
					<Setting Name="Type">NamedCA</Setting>
				</Set>
				<Set Name="25">
					<Setting Name="#">2</Setting>
					<Setting Name="__SourceName">Dragonfire</Setting>
					<Setting Name="ATag">Dragon</Setting>
					<Setting Name="AType">Trigger Only</Setting>
					<Setting Name="N_HP&lt;">99</Setting>
					<Setting Name="Type">CA</Setting>
				</Set>
				<Set Name="26">
					<Setting Name="__SourceName">Boneshattering Combination</Setting>
					<Setting Name="ETag">Boneshatter</Setting>
					<Setting Name="ID">TRUE</Setting>
					<Setting Name="Type">CA</Setting>
				</Set>
				<Set Name="27">
					<Setting Name="__SourceName">Leatherskin Riposte</Setting>
					<Setting Name="Aggro&gt;">99</Setting>
					<Setting Name="ETag">DR</Setting>
					<Setting Name="IE">TRUE</Setting>
					<Setting Name="Type">NamedCA</Setting>
				</Set>
				<Set Name="28">
					<Setting Name="__SourceName">Stone Cold</Setting>
					<Setting Name="Target">@Me</Setting>
					<Setting Name="Type">Combat</Setting>
				</Set>
				<Set Name="29">
					<Setting Name="__SourceName">Inner Focus</Setting>
					<Setting Name="ETag">DR</Setting>
					<Setting Name="Target">@Me</Setting>
					<Setting Name="Type">Combat</Setting>
				</Set>
				<Set Name="30">
					<Setting Name="__SourceName">Eagle's Patience</Setting>
					<Setting Name="ETag">DR</Setting>
					<Setting Name="Target">@Me</Setting>
					<Setting Name="Type">Combat</Setting>
				</Set>
				<Set Name="31">
					<Setting Name="#">3</Setting>
					<Setting Name="__SourceName">Crane Sweep</Setting>
					<Setting Name="Type">CA</Setting>
				</Set>
				<Set Name="32">
					<Setting Name="#">1</Setting>
					<Setting Name="__SourceName">Dragonfire</Setting>
					<Setting Name="ATag">Dragon</Setting>
					<Setting Name="AType">Trigger Only</Setting>
					<Setting Name="Type">CA</Setting>
				</Set>
				<Set Name="33">
					<Setting Name="__SourceName">Rising Dragon</Setting>
					<Setting Name="ATag">Dragon</Setting>
					<Setting Name="AType">Listen Only</Setting>
					<Setting Name="ID">TRUE</Setting>
					<Setting Name="Type">CA</Setting>
				</Set>
				<Set Name="34">
					<Setting Name="__SourceName">Altruism</Setting>
					<Setting Name="Target">@DPS1</Setting>
					<Setting Name="Type">Buff</Setting>
				</Set>
				<Set Name="35">
					<Setting Name="__SourceName">Everburning Flame</Setting>
					<Setting Name="Type">Buff</Setting>
				</Set>
				<Set Name="36">
					<Setting Name="__SourceName">Tranquil Vision</Setting>
					<Setting Name="Target">*G1Tank</Setting>
					<Setting Name="Type">Buff</Setting>
				</Set>
				<Set Name="37">
					<Setting Name="__SourceName">Tranquil Vision</Setting>
					<Setting Name="Target">@DPS1</Setting>
					<Setting Name="Type">Buff</Setting>
				</Set>
				<Set Name="38">
					<Setting Name="__SourceName">Balanced Synergy</Setting>
					<Setting Name="Type">Custom</Setting>
				</Set>
				<Set Name="39">
					<Setting Name="__SourceName">Brawler's Tenacity</Setting>
					<Setting Name="Target">@Me</Setting>
					<Setting Name="Type">Combat</Setting>
				</Set>
				<Set Name="40">
					<Setting Name="%">25</Setting>
					<Setting Name="__SourceName">Draconic Shout</Setting>
					<Setting Name="Type">Heal</Setting>
				</Set>
				<Set Name="41">
					<Setting Name="__SourceName">Bob and Weave</Setting>
					<Setting Name="ETag">Defensive</Setting>
					<Setting Name="Target">@Me</Setting>
					<Setting Name="Type">Combat</Setting>
				</Set>
				<Set Name="42">
					<Setting Name="__SourceName">Tsunami</Setting>
					<Setting Name="ETag">Defensive</Setting>
					<Setting Name="Target">@Me</Setting>
					<Setting Name="Type">Combat</Setting>
				</Set>
				<Set Name="43">
					<Setting Name="%">45</Setting>
					<Setting Name="__SourceName">Mend</Setting>
					<Setting Name="Target">@Me</Setting>
					<Setting Name="Type">Heal</Setting>
				</Set>
				<Set Name="44">
					<Setting Name="__SourceName">Intercept</Setting>
					<Setting Name="Target">@DPS1</Setting>
					<Setting Name="Type">Combat</Setting>
				</Set>
				<Set Name="45">
					<Setting Name="#">2</Setting>
					<Setting Name="__SourceName">Crane Sweep</Setting>
					<Setting Name="Type">CA</Setting>
				</Set>
				<Set Name="46">
					<Setting Name="__SourceName">Flying Scissors</Setting>
					<Setting Name="ETag">Kick</Setting>
					<Setting Name="Type">NamedCA</Setting>
				</Set>
				<Set Name="47">
					<Setting Name="__SourceName">Mantis Leap</Setting>
					<Setting Name="Aggro&gt;">99</Setting>
					<Setting Name="Type">CA</Setting>
				</Set>
				<Set Name="48">
					<Setting Name="#">1</Setting>
					<Setting Name="__SourceName">Crane Sweep</Setting>
					<Setting Name="Type">CA</Setting>
				</Set>
				<Set Name="49">
					<Setting Name="__SourceName">Eagle Spin</Setting>
					<Setting Name="Type">CA</Setting>
				</Set>
				<Set Name="50">
					<Setting Name="__SourceName">Rising Phoenix</Setting>
					<Setting Name="Type">CA</Setting>
				</Set>
				<Set Name="51">
					<Setting Name="__SourceName">Mountain Stance</Setting>
					<Setting Name="ETag">Mountain</Setting>
					<Setting Name="Target">@Me</Setting>
					<Setting Name="Type">Combat</Setting>
				</Set>
				<Set Name="52">
					<Setting Name="__Disabled">TRUE</Setting>
					<Setting Name="__SourceName">Body Like Mountain</Setting>
					<Setting Name="ETag">Mountain</Setting>
					<Setting Name="Target">@Me</Setting>
					<Setting Name="Type">Combat</Setting>
				</Set>
				<Set Name="53">
					<Setting Name="__SourceName">Will of the Heavens</Setting>
					<Setting Name="Type">Cure</Setting>
				</Set>
				<Set Name="54">
					<Setting Name="__SourceName">Lightning Palm</Setting>
					<Setting Name="Target">@Me</Setting>
					<Setting Name="Type">Combat</Setting>
				</Set>
				<Set Name="55">
					<Setting Name="__SourceName">Outward Calm</Setting>
					<Setting Name="Target">@Me</Setting>
					<Setting Name="Type">Combat</Setting>
				</Set>
				<Set Name="56">
					<Setting Name="__SourceName">Unbroken</Setting>
					<Setting Name="Named">TRUE</Setting>
					<Setting Name="Target">@Me</Setting>
					<Setting Name="Type">Combat</Setting>
				</Set>
				<Set Name="57">
					<Setting Name="__SourceName">Clinch</Setting>
					<Setting Name="Type">NamedCA</Setting>
				</Set>
				<Set Name="58">
					<Setting Name="__Disabled">TRUE</Setting>
					<Setting Name="__IsItem">TRUE</Setting>
					<Setting Name="__ItemName">Scepter of Shadows</Setting>
					<Setting Name="__SourceName">Item:Scepter of Shadows</Setting>
					<Setting Name="Tag">Scepter</Setting>
					<Setting Name="Type">NamedCA</Setting>
				</Set>
				<Set Name="59">
					<Setting Name="__Disabled">TRUE</Setting>
					<Setting Name="__IsItem">TRUE</Setting>
					<Setting Name="__ItemName">Scepter of Illumination</Setting>
					<Setting Name="__SourceName">Item:Scepter of Illumination</Setting>
					<Setting Name="Tag">Scepter</Setting>
					<Setting Name="Type">NamedCA</Setting>
				</Set>
				<Set Name="60">
					<Setting Name="__SourceName">Obsidian Mind</Setting>
					<Setting Name="ETag">TempBuff</Setting>
					<Setting Name="Named">TRUE</Setting>
					<Setting Name="Target">@Me</Setting>
					<Setting Name="Type">Combat</Setting>
				</Set>
				<Set Name="61">
					<Setting Name="__Disabled">TRUE</Setting>
					<Setting Name="__SourceName">Stone Hammer</Setting>
					<Setting Name="Tag">Ascension</Setting>
					<Setting Name="Type">NamedCA</Setting>
				</Set>
				<Set Name="62">
					<Setting Name="__Disabled">TRUE</Setting>
					<Setting Name="__SourceName">Mudslide</Setting>
					<Setting Name="Tag">Ascension</Setting>
					<Setting Name="Type">NamedCA</Setting>
				</Set>
				<Set Name="63">
					<Setting Name="__SourceName">Baton Flurry</Setting>
					<Setting Name="ID">TRUE</Setting>
					<Setting Name="Type">CA</Setting>
				</Set>
				<Set Name="64">
					<Setting Name="__SourceName">Pressure Point</Setting>
					<Setting Name="Type">CA</Setting>
				</Set>
				<Set Name="65">
					<Setting Name="__SourceName">Mantis Star</Setting>
					<Setting Name="Type">CA</Setting>
				</Set>
				<Set Name="66">
					<Setting Name="__SourceName">Five Rings</Setting>
					<Setting Name="ETag">Kick</Setting>
					<Setting Name="Type">CA</Setting>
				</Set>
				<Set Name="67">
					<Setting Name="__SourceName">Roundhouse Kick</Setting>
					<Setting Name="ETag">Kick</Setting>
					<Setting Name="Type">CA</Setting>
				</Set>
				<Set Name="68">
					<Setting Name="__SourceName">Silent Threat</Setting>
					<Setting Name="Type">CA</Setting>
				</Set>
				<Set Name="69">
					<Setting Name="__SourceName">Charging Tiger</Setting>
					<Setting Name="Type">CA</Setting>
				</Set>
				<Set Name="70">
					<Setting Name="__SourceName">Fluid Combination</Setting>
					<Setting Name="MAX">TRUE</Setting>
					<Setting Name="Type">CA</Setting>
				</Set>
				<Set Name="71">
					<Setting Name="__Disabled">TRUE</Setting>
					<Setting Name="__SourceName">Erosion</Setting>
					<Setting Name="Tag">Ascension</Setting>
					<Setting Name="Type">NamedCA</Setting>
				</Set>
				<Set Name="72">
					<Setting Name="#">1</Setting>
					<Setting Name="__Disabled">TRUE</Setting>
					<Setting Name="__SourceName">Domain of Earth</Setting>
					<Setting Name="Tag">Ascension</Setting>
					<Setting Name="Type">NamedCA</Setting>
				</Set>
				<Set Name="73">
					<Setting Name="__Disabled">TRUE</Setting>
					<Setting Name="__SourceName">Telluric Rending</Setting>
					<Setting Name="Tag">Ascension</Setting>
					<Setting Name="Type">NamedCA</Setting>
				</Set>
				<Set Name="74">
					<Setting Name="#">1</Setting>
					<Setting Name="__Disabled">TRUE</Setting>
					<Setting Name="__SourceName">Terrestrial Coffin</Setting>
					<Setting Name="Tag">Ascension</Setting>
					<Setting Name="Type">NamedCA</Setting>
				</Set>
				<Set Name="75">
					<Setting Name="#">1</Setting>
					<Setting Name="__SourceName">Challenge</Setting>
					<Setting Name="Type">CA</Setting>
				</Set>
				<Set Name="76">
					<Setting Name="#">1</Setting>
					<Setting Name="__SourceName">Crescent Strike</Setting>
					<Setting Name="Type">CA</Setting>
				</Set>
				<Set Name="77">
					<Setting Name="__SourceName">Master's Rage</Setting>
					<Setting Name="Type">CA</Setting>
				</Set>
				<Set Name="78">
					<Setting Name="__SourceName">Visions of Vetrovia: Flawless Execution</Setting>
					<Setting Name="Type">Buff</Setting>
				</Set>
				<Set Name="79">
					<Setting Name="__SourceName">Monolithic Mercenary Infusion</Setting>
					<Setting Name="Type">Buff</Setting>
				</Set>
				<Set Name="80">
					<Setting Name="__SourceName">Jubilant Familiar Infusion</Setting>
					<Setting Name="Type">Buff</Setting>
				</Set>
				<Set Name="81">
					<Setting Name="__Disabled">TRUE</Setting>
					<Setting Name="__SourceName">Reign of Shadows: Ethereal Familiar Infusion</Setting>
					<Setting Name="Type">Buff</Setting>
				</Set>
				<Set Name="82">
					<Setting Name="__SourceName">Tolan's Darkwood Mount Infusion</Setting>
					<Setting Name="Type">Buff</Setting>
				</Set>
				<Set Name="83">
					<Setting Name="__Disabled">TRUE</Setting>
					<Setting Name="__SourceName">Reign of Shadows: Ethereal Mount Infusion</Setting>
					<Setting Name="Type">Buff</Setting>
				</Set>
				<Set Name="84">
					<Setting Name="__SourceName">Crouching Tiger</Setting>
					<Setting Name="Type">Buff</Setting>
				</Set>
				<Set Name="85">
					<Setting Name="__Disabled">TRUE</Setting>
					<Setting Name="__SourceName">Flow Like Wind</Setting>
					<Setting Name="Type">Buff</Setting>
				</Set>
				<Set Name="86">
					<Setting Name="__SourceName">Calm Tranquility</Setting>
					<Setting Name="Type">Buff</Setting>
				</Set>
				<Set Name="87">
					<Setting Name="__SourceName">Crane Twirl</Setting>
					<Setting Name="Type">Buff</Setting>
				</Set>
				<Set Name="88">
					<Setting Name="__SourceName">Alternate: Mongoose Stance</Setting>
					<Setting Name="Type">Buff</Setting>
				</Set>
				<Set Name="89">
					<Setting Name="__Disabled">TRUE</Setting>
					<Setting Name="__SourceName">Dragon Rage</Setting>
					<Setting Name="Type">Buff</Setting>
				</Set>
				<Set Name="90">
					<Setting Name="__SourceName">Hostility</Setting>
					<Setting Name="Type">Buff</Setting>
				</Set>
				<Set Name="91">
					<Setting Name="__SourceName">Inner Calm</Setting>
					<Setting Name="Type">Buff</Setting>
				</Set>
				<Set Name="92">
					<Setting Name="__SourceName">Perfect Serenity</Setting>
					<Setting Name="Type">Buff</Setting>
				</Set>
				<Set Name="93">
					<Setting Name="__SourceName">Waveform</Setting>
					<Setting Name="Type">Buff</Setting>
				</Set>
				<Set Name="94">
					<Setting Name="__SourceName">Union of Stone</Setting>
					<Setting Name="Type">Buff</Setting>
				</Set>
				<Set Name="95">
					<Setting Name="__Disabled">TRUE</Setting>
					<Setting Name="__SourceName">Devoted Shadeweaver Sidekick</Setting>
					<Setting Name="Type">Buff</Setting>
				</Set>
				<Set Name="96">
					<Setting Name="__SourceName">Aurous Feathered Stalker</Setting>
					<Setting Name="Type">Buff</Setting>
				</Set>
				<Set Name="97">
					<Setting Name="__Disabled">TRUE</Setting>
					<Setting Name="__SourceName">Loyal Zelniak Companion</Setting>
					<Setting Name="Type">Buff</Setting>
				</Set>
				<Set Name="98">
					<Setting Name="__SourceName">Master's Interpose</Setting>
					<Setting Name="Type">Buff</Setting>
				</Set>
				<Set Name="99">
					<Setting Name="__SourceName">Guild Buff</Setting>
					<Setting Name="Type">Buff</Setting>
				</Set>
				<Set Name="100">
					<Setting Name="__SourceName">Summon: The Tribunal's Bailiff</Setting>
					<Setting Name="Type">Buff</Setting>
				</Set>
				<Set Name="101">
					<Setting Name="__SourceName">Summon: Beloved of Bristlebane</Setting>
					<Setting Name="Type">Buff</Setting>
				</Set>
				<Set Name="102">
					<Setting Name="__Disabled">TRUE</Setting>
					<Setting Name="__SourceName">Chi</Setting>
					<Setting Name="Type">CA</Setting>
				</Set>
			</Set>
			<Set Name="ItemRotation">
				<Set Name="1">
					<Setting Name="__IsItem">TRUE</Setting>
					<Setting Name="__ItemName">Scepter of Shadows</Setting>
					<Setting Name="__SourceName">Item:Scepter of Shadows</Setting>
					<Setting Name="Dur">15</Setting>
					<Setting Name="I">TRUE</Setting>
				</Set>
				<Set Name="2">
					<Setting Name="__IsItem">TRUE</Setting>
					<Setting Name="__ItemName">Scepter of Illumination</Setting>
					<Setting Name="__SourceName">Item:Scepter of Illumination</Setting>
					<Setting Name="Dur">15</Setting>
					<Setting Name="I">TRUE</Setting>
				</Set>
			</Set>
			<Set Name="Precast">
				<Set Name="1">
					<Setting Name="__Disabled">TRUE</Setting>
					<Setting Name="__SourceName">Silent Palm</Setting>
					<Setting Name="On">Rising Dragon</Setting>
				</Set>
				<Set Name="2">
					<Setting Name="__SourceName">Waking Dragon</Setting>
					<Setting Name="On">Roundhouse Kick</Setting>
				</Set>
				<Set Name="3">
					<Setting Name="__SourceName">Waking Dragon</Setting>
					<Setting Name="On">Flying Scissors</Setting>
				</Set>
				<Set Name="4">
					<Setting Name="__SourceName">Waking Dragon</Setting>
					<Setting Name="On">Rising Phoenix</Setting>
				</Set>
			</Set>
			<Set Name="Postcast">
				<Set Name="1">
					<Setting Name="__SourceName">Frozen Palm</Setting>
					<Setting Name="After">Rising Dragon</Setting>
				</Set>
				<Set Name="2">
					<Setting Name="__SourceName">Striking Cobra</Setting>
					<Setting Name="After">Rising Phoenix</Setting>
				</Set>
				<Set Name="3">
					<Setting Name="__Disabled">TRUE</Setting>
					<Setting Name="__SourceName">Arctic Talon</Setting>
					<Setting Name="After">Roundhouse Kick</Setting>
				</Set>
				<Set Name="4">
					<Setting Name="__Disabled">TRUE</Setting>
					<Setting Name="__SourceName">Arctic Talon</Setting>
					<Setting Name="After">Flying Scissors</Setting>
				</Set>
			</Set>
			<Set Name="Loot">
				<Setting Name="checkbox_loot_confirmnotrade">TRUE</Setting>
				<Setting Name="checkbox_loot_ffaaccept">TRUE</Setting>
				<Setting Name="checkbox_loot_lottoaccept">TRUE</Setting>
				<Setting Name="checkbox_loot_nbgaccept">FALSE</Setting>
				<Setting Name="checkbox_loot_ffalooteverything">TRUE</Setting>
				<Setting Name="checkbox_loot_lo_enable">TRUE</Setting>
				<Setting Name="checkbox_loot_lo_looteverything">FALSE</Setting>
				<Setting Name="checkbox_loot_lo_smartassign">TRUE</Setting>
				<Setting Name="checkbox_loot_lo_loottradables">TRUE</Setting>
			</Set>
			<Set Name="OSA">
				<Setting Name="slider_osa_radius">90</Setting>
				<Setting Name="textentry_osa_radius">90</Setting>
				<Setting Name="checkbox_osa_targetsonly">FALSE</Setting>
				<Setting Name="checkbox_osa_clipyaxis">FALSE</Setting>
			</Set>
			<Set Name="Announce">
				<Set Name="1">
					<Setting Name="__SourceName">Combat Mastery</Setting>
					<Setting Name="Target">Group</Setting>
					<Setting Name="Txt">Combat Mastery!</Setting>
				</Set>
				<Set Name="2">
					<Setting Name="__SourceName">Demoralizing Swipe</Setting>
					<Setting Name="Target">Raid</Setting>
					<Setting Name="Txt">Demoralizing Swipe!</Setting>
				</Set>
				<Set Name="3">
					<Setting Name="__SourceName">Fabled Demoralizing Swipe</Setting>
					<Setting Name="Target">Raid</Setting>
					<Setting Name="Txt">Casting *Abiliity* on *Target*</Setting>
				</Set>
				<Set Name="4">
					<Setting Name="__SourceName">Obsidian Mind</Setting>
					<Setting Name="Target">Group</Setting>
					<Setting Name="Txt">Obsidian Mind, all spells hit max for 14s.</Setting>
				</Set>
				<Set Name="5">
					<Setting Name="__SourceName">Balanced Synergy</Setting>
					<Setting Name="Target">Group</Setting>
					<Setting Name="Txt">Balanced Synergy - Fighter</Setting>
				</Set>
			</Set>
			<Set Name="AutoHunt">
				<Setting Name="checkbox_autohunt_checkaggro">TRUE</Setting>
				<Setting Name="combobox_autohunt_pullspell1">Mining</Setting>
				<Setting Name="checkbox_autohunt_pullspell1">TRUE</Setting>
				<Setting Name="checkbox_autohunt_autohunt">FALSE</Setting>
			</Set>
			<Set Name="Other">
				<Setting Name="combobox_other_curabledisable">Will of the Heavens</Setting>
				<Setting Name="checkbox_other_curabledisable">TRUE</Setting>
				<Setting Name="checkbox_other_requestconfrontfearviagroup">TRUE</Setting>
				<Setting Name="textentry_other_requestconfrontfearviagroup">sick cure</Setting>
				<Setting Name="checkbox_other_requestconfrontfearviaraid">TRUE</Setting>
				<Setting Name="textentry_other_requestconfrontfearviaraid">sick cure</Setting>
				<Setting Name="checkbox_other_requestconfrontfearviauplink">TRUE</Setting>
			</Set>
			<Set Name="Debug">
				<Setting Name="checkbox_debug_whatisthebotdoing">FALSE</Setting>
				<Setting Name="checkbox_debug_castingdetails">FALSE</Setting>
				<Setting Name="checkbox_debug_failedcasts">TRUE</Setting>
			</Set>
			<Set Name="AutoTarget">
				<Setting Name="slider_autotarget_scanradius">50</Setting>
				<Setting Name="slider_autotarget_rescantime">1</Setting>
				<Setting Name="checkbox_autotarget_enabled">FALSE</Setting>
				<Setting Name="slider_autotarget_scanheight">15</Setting>
			</Set>
			<Set Name="Load">
				<Setting Name="checkbox_load_radaroff">TRUE</Setting>
			</Set>
			<Set Name="LoadExecute">
				<Set Name="1">
					<Setting Name="__SourceName">eq2execute ics_playercombatautoface 1</Setting>
				</Set>
				<Set Name="2">
					<Setting Name="__SourceName">Run Bulwark</Setting>
				</Set>
				<Set Name="3">
					<Setting Name="__SourceName">run Charm</Setting>
				</Set>
			</Set>
			<Set Name="EquipmentInfo">
				<Setting Name="combobox_equipmentinfo_charmoption1">Item:Behind the Schemes</Setting>
				<Setting Name="combobox_equipmentinfo_charmoption2">Item:Cerebral Incubator</Setting>
			</Set>
			<Set Name="HUDs">
				<Setting Name="checkbox_hud_npc">TRUE</Setting>
				<Setting Name="textentry_hud_npc_updateinterval" />
				<Setting Name="textentry_hud_npc_xpos">1400</Setting>
				<Setting Name="textentry_hud_npc_ypos">225</Setting>
				<Setting Name="textentry_hud_pc_xpos">1400</Setting>
				<Setting Name="textentry_hud_pc_ypos">250</Setting>
				<Setting Name="checkbox_hud_pc">TRUE</Setting>
				<Setting Name="checkbox_hud_raid">TRUE</Setting>
				<Setting Name="textentry_hud_raid_xpos">550</Setting>
				<Setting Name="textentry_hud_raid_ypos">97</Setting>
				<Setting Name="textentry_hud_raid_yposinc">17</Setting>
				<Setting Name="checkbox_hud_raid_hide_name">TRUE</Setting>
			</Set>
			<Set Name="OgreConsole">
				<Setting Name="checkbox_ogreconsole_neverautoopen">TRUE</Setting>
			</Set>
			<Set Name="AscensionEmbargoList">
				<Set Name="1">
					<Setting Name="__SourceName">Ethershadow Assassin</Setting>
				</Set>
			</Set>
			<Set Name="Items">
				<Set Name="1">
					<Setting Name="__SourceName">Behind the Schemes</Setting>
				</Set>
				<Set Name="2">
					<Setting Name="__SourceName">Cerebral Incubator</Setting>
				</Set>
				<Set Name="3">
					<Setting Name="__SourceName">Consigned Locus of the Jester</Setting>
				</Set>
				<Set Name="4">
					<Setting Name="__SourceName">Consigned Locus of the Jester</Setting>
				</Set>
				<Set Name="5">
					<Setting Name="__SourceName">Dreamer's Charm of Foresight</Setting>
				</Set>
				<Set Name="6">
					<Setting Name="__SourceName">Forlorn Cure Arcane</Setting>
				</Set>
				<Set Name="7">
					<Setting Name="__SourceName">Forlorn Cure Elemental</Setting>
				</Set>
				<Set Name="8">
					<Setting Name="__SourceName">Forlorn Cure Noxious</Setting>
				</Set>
				<Set Name="9">
					<Setting Name="__SourceName">Forlorn Cure Trauma</Setting>
				</Set>
				<Set Name="10">
					<Setting Name="__SourceName">Gadsin's Zombified Eyeball</Setting>
				</Set>
				<Set Name="11">
					<Setting Name="__SourceName">Holos Illuminated Totem</Setting>
				</Set>
				<Set Name="12">
					<Setting Name="__SourceName">Magistrate's Machinations</Setting>
				</Set>
				<Set Name="13">
					<Setting Name="__SourceName">Scepter of Illumination</Setting>
				</Set>
				<Set Name="14">
					<Setting Name="__SourceName">Scepter of Shadows</Setting>
				</Set>
				<Set Name="15">
					<Setting Name="__SourceName">Shadowscream Essence of Clarity</Setting>
				</Set>
				<Set Name="16">
					<Setting Name="__SourceName">Shadowscream Scroll of Animosity</Setting>
				</Set>
				<Set Name="17">
					<Setting Name="__SourceName">Shadowscream Scroll of Brawn</Setting>
				</Set>
				<Set Name="18">
					<Setting Name="__SourceName">Shadowscream Scroll of Contempt</Setting>
				</Set>
				<Set Name="19">
					<Setting Name="__SourceName">Shadowscream Scroll of Grappling</Setting>
				</Set>
				<Set Name="20">
					<Setting Name="__SourceName">Shadowscream Scroll of Pugilism</Setting>
				</Set>
				<Set Name="21">
					<Setting Name="__SourceName">Shadowscream Scroll of Skirmishing</Setting>
				</Set>
				<Set Name="22">
					<Setting Name="__SourceName">_ADORN_Heart of Luclin</Setting>
				</Set>
				<Set Name="23">
					<Setting Name="__SourceName">_ADORN_Pack Mentality</Setting>
				</Set>
				<Set Name="24">
					<Setting Name="__SourceName">_EQUIPPED_Left Charm_21</Setting>
				</Set>
			</Set>
			<Set Name="Overseer">
				<Setting Name="checkbox_overseer_skip_treasured_quests">TRUE</Setting>
				<Setting Name="checkbox_overseer_skip_legendary_quests">FALSE</Setting>
			</Set>
			<Set Name="ConsumeItems">
				<Set Name="1">
					<Setting Name="__IsItem">TRUE</Setting>
					<Setting Name="__ItemName">Shadowscream Scroll of Contempt</Setting>
					<Setting Name="__SourceName">Item:Shadowscream Scroll of Contempt</Setting>
					<Setting Name="IC">TRUE</Setting>
				</Set>
				<Set Name="2">
					<Setting Name="__IsItem">TRUE</Setting>
					<Setting Name="__ItemName">Shadowscream Scroll of Pugilism</Setting>
					<Setting Name="__SourceName">Item:Shadowscream Scroll of Pugilism</Setting>
					<Setting Name="IC">TRUE</Setting>
				</Set>
				<Set Name="3">
					<Setting Name="__IsItem">TRUE</Setting>
					<Setting Name="__ItemName">Shadowscream Scroll of Skirmishing</Setting>
					<Setting Name="__SourceName">Item:Shadowscream Scroll of Skirmishing</Setting>
					<Setting Name="IC">TRUE</Setting>
				</Set>
			</Set>
			<Set Name="Tags_AddNew">
				<Set Name="1">
					<Setting Name="__SourceName">FastCast</Setting>
				</Set>
				<Set Name="2">
					<Setting Name="__SourceName">Dragon</Setting>
				</Set>
				<Set Name="3">
					<Setting Name="__SourceName">Kick</Setting>
				</Set>
				<Set Name="4">
					<Setting Name="__SourceName">Punch</Setting>
				</Set>
				<Set Name="5">
					<Setting Name="__SourceName">Jab</Setting>
				</Set>
				<Set Name="6">
					<Setting Name="__SourceName">Defensive</Setting>
				</Set>
				<Set Name="7">
					<Setting Name="__SourceName">DragonFire</Setting>
				</Set>
				<Set Name="8">
					<Setting Name="__SourceName">TempBuff</Setting>
				</Set>
				<Set Name="9">
					<Setting Name="__SourceName">Boneshatter</Setting>
				</Set>
				<Set Name="10">
					<Setting Name="__SourceName">DR</Setting>
				</Set>
				<Set Name="11">
					<Setting Name="__SourceName">Mountain</Setting>
				</Set>
				<Set Name="12">
					<Setting Name="__SourceName">PreCastTag</Setting>
				</Set>
				<Set Name="13">
					<Setting Name="__SourceName">Provoke</Setting>
				</Set>
				<Set Name="14">
					<Setting Name="__SourceName">Snap</Setting>
				</Set>
				<Set Name="15">
					<Setting Name="__SourceName">ColKnow</Setting>
				</Set>
			</Set>
			<Set Name="Tags">
				<Set Name="1">
					<Setting Name="+">1</Setting>
					<Setting Name="__SourceName">FastCast</Setting>
					<Setting Name="I">TRUE</Setting>
					<Setting Name="Me">TRUE</Setting>
				</Set>
				<Set Name="2">
					<Setting Name="__SourceName">Dragon</Setting>
					<Setting Name="Dur">30</Setting>
					<Setting Name="I">TRUE</Setting>
					<Setting Name="Me">TRUE</Setting>
				</Set>
				<Set Name="3">
					<Setting Name="__SourceName">Kick</Setting>
					<Setting Name="Dur">15</Setting>
					<Setting Name="I">TRUE</Setting>
					<Setting Name="Me">TRUE</Setting>
				</Set>
				<Set Name="4">
					<Setting Name="__SourceName">Defensive</Setting>
					<Setting Name="I">TRUE</Setting>
					<Setting Name="Me">TRUE</Setting>
				</Set>
				<Set Name="5">
					<Setting Name="__SourceName">DragonFire</Setting>
					<Setting Name="I">TRUE</Setting>
					<Setting Name="Me">TRUE</Setting>
				</Set>
				<Set Name="6">
					<Setting Name="__SourceName">TempBuff</Setting>
					<Setting Name="I">TRUE</Setting>
					<Setting Name="Me">TRUE</Setting>
				</Set>
				<Set Name="7">
					<Setting Name="__SourceName">Boneshatter</Setting>
					<Setting Name="Dur">13</Setting>
					<Setting Name="I">TRUE</Setting>
					<Setting Name="Me">TRUE</Setting>
				</Set>
				<Set Name="8">
					<Setting Name="__SourceName">DR</Setting>
					<Setting Name="I">TRUE</Setting>
					<Setting Name="Me">TRUE</Setting>
				</Set>
				<Set Name="9">
					<Setting Name="__SourceName">Mountain</Setting>
					<Setting Name="I">TRUE</Setting>
					<Setting Name="Me">TRUE</Setting>
				</Set>
				<Set Name="10">
					<Setting Name="__SourceName">PreCastTag</Setting>
					<Setting Name="I">TRUE</Setting>
					<Setting Name="Me">TRUE</Setting>
				</Set>
				<Set Name="11">
					<Setting Name="__SourceName">Provoke</Setting>
					<Setting Name="I">TRUE</Setting>
					<Setting Name="Me">TRUE</Setting>
				</Set>
				<Set Name="12">
					<Setting Name="__SourceName">Snap</Setting>
					<Setting Name="Dur">2</Setting>
					<Setting Name="I">TRUE</Setting>
					<Setting Name="Me">TRUE</Setting>
				</Set>
				<Set Name="13">
					<Setting Name="__SourceName">ColKnow</Setting>
					<Setting Name="I">TRUE</Setting>
					<Setting Name="Me">TRUE</Setting>
				</Set>
			</Set>
			<Set Name="AbilityTracker">
				<Set Name="1">
					<Setting Name="__SourceName">Granite Protector</Setting>
				</Set>
			</Set>
		</Set>
		<Setting Name="DefaultProfiles">VoV_Monk</Setting>
	</Set>
</InnerSpaceSettings>
