﻿<?xml version='1.0' encoding='UTF-8'?>
<!-- Generated by LavishSettings v2 -->
<InnerSpaceSettings>
	<Set Name="Profiles">
		<Set Name="VoV_Berserker">
			<Set Name="Settings">
				<Setting Name="checkbox_settings_buffs">TRUE</Setting>
				<Setting Name="checkbox_settings_combatarts">TRUE</Setting>
				<Setting Name="checkbox_settings_namedcombatarts">TRUE</Setting>
				<Setting Name="checkbox_settings_rangedattack">TRUE</Setting>
				<Setting Name="checkbox_settings_autoattacktiming">FALSE</Setting>
				<Setting Name="checkbox_settings_meleeattack">TRUE</Setting>
				<Setting Name="checkbox_settings_ignoretargettoattackhealthcheck">FALSE</Setting>
				<Setting Name="checkbox_settings_loot">TRUE</Setting>
				<Setting Name="checkbox_settings_acceptloot">TRUE</Setting>
				<Setting Name="checkbox_settings_acceptres">TRUE</Setting>
				<Setting Name="checkbox_settings_prioritytab">TRUE</Setting>
				<Setting Name="checkbox_settings_acceptinvites">FALSE</Setting>
				<Setting Name="checkbox_settings_enablealiases">TRUE</Setting>
				<Setting Name="checkbox_settings_enableogremcp">TRUE</Setting>
				<Setting Name="checkbox_settings_enableonscreenassistant">TRUE</Setting>
				<Setting Name="checkbox_settings_enableannouncetab">TRUE</Setting>
				<Setting Name="checkbox_settings_raidoptions">FALSE</Setting>
				<Setting Name="checkbox_settings_grindoptions">TRUE</Setting>
				<Setting Name="checkbox_settings_encountersmartnukes">TRUE</Setting>
				<Setting Name="checkbox_settings_aesmartnukes">TRUE</Setting>
				<Setting Name="checkbox_settings_autotargetwhenhated">TRUE</Setting>
				<Setting Name="checkbox_settings_mobpriestinfo">TRUE</Setting>
				<Setting Name="checkbox_settings_turnoffattack">TRUE</Setting>
				<Setting Name="checkbox_settings_movemelee">FALSE</Setting>
				<Setting Name="checkbox_settings_moveinfront">FALSE</Setting>
				<Setting Name="checkbox_settings_facenpc">FALSE</Setting>
				<Setting Name="checkbox_settings_movebehind">FALSE</Setting>
				<Setting Name="checkbox_settings_ignoremovetoattackhealthcheck">FALSE</Setting>
				<Setting Name="checkbox_settings_autofollow">FALSE</Setting>
				<Setting Name="checkbox_settings_assist">TRUE</Setting>
				<Setting Name="checkbox_settings_movetoarea">TRUE</Setting>
				<Setting Name="checkbox_settings_forcenamedcatab">FALSE</Setting>
				<Setting Name="checkbox_settings_raidoptionslimited">FALSE</Setting>
				<Setting Name="checkbox_settings_ignorerangeoncas">TRUE</Setting>
				<Setting Name="checkbox_settings_autocomplete_ascensioncombos">FALSE</Setting>
				<Setting Name="checkbox_settings_handle_hq_earring">FALSE</Setting>
				<Setting Name="checkbox_settings_doho">FALSE</Setting>
				<Setting Name="checkbox_settings_disablecaststack_cure">FALSE</Setting>
				<Setting Name="checkbox_settings_castwhilemoving">TRUE</Setting>
				<Setting Name="checkbox_settings_disableabilitycollisionchecks">FALSE</Setting>
				<Setting Name="checkbox_settings_ascension_embargo_and_combos">FALSE</Setting>
				<Setting Name="checkbox_settings_enable_cd_t4_weapons">FALSE</Setting>
				<Setting Name="checkbox_settings_no_overseer">TRUE</Setting>
				<Setting Name="checkbox_settings_summon_familiar">TRUE</Setting>
				<Setting Name="checkbox_settings_do_not_show_revision_history">TRUE</Setting>
				<Setting Name="checkbox_settings_acceptnochoicerewards">TRUE</Setting>
				<Setting Name="checkbox_settings_enable_chatevents">TRUE</Setting>
				<Setting Name="checkbox_settings_consumeitems">TRUE</Setting>
				<Setting Name="checkbox_settings_disable_dbc_claim">TRUE</Setting>
				<Setting Name="checkbox_settings_enable_abilityrotate">TRUE</Setting>
				<Setting Name="checkbox_settings_enable_itemrotate">TRUE</Setting>
				<Setting Name="checkbox_settings_dov_raid_debuff">TRUE</Setting>
				<Setting Name="checkbox_settings_dov_raid_debuff_allow_moving">TRUE</Setting>
				<Setting Name="checkbox_settings_enablepetsindropdowns">TRUE</Setting>
				<Setting Name="checkbox_settings_cancelinvisaftercombat">TRUE</Setting>
				<Setting Name="checkbox_settings_disablemercsupport">TRUE</Setting>
				<Setting Name="checkbox_settings_crowdcontrol">FALSE</Setting>
				<Setting Name="checkbox_settings_enable_tag_embargo">TRUE</Setting>
				<Setting Name="checkbox_settings_enable_tag_allow">TRUE</Setting>
				<Setting Name="checkbox_settings_show_surge_messages">FALSE</Setting>
				<Setting Name="checkbox_settings_globally_mute_abilityrotation">TRUE</Setting>
				<Setting Name="checkbox_settings_disablecaststack_items">FALSE</Setting>
				<Setting Name="checkbox_settings_cancelabilitiestogroupcure">FALSE</Setting>
				<Setting Name="checkbox_settings_disablecaststack">FALSE</Setting>
				<Setting Name="checkbox_settings_ho_start">FALSE</Setting>
				<Setting Name="checkbox_settings_ho_starter">FALSE</Setting>
				<Setting Name="checkbox_settings_ho_wheel">FALSE</Setting>
				<Setting Name="checkbox_settings_disablecaststack_res">FALSE</Setting>
				<Setting Name="checkbox_settings_ability_tracker">FALSE</Setting>
			</Set>
			<Set Name="Setup">
				<Setting Name="textentry_setup_percenttoattack">99</Setting>
				<Setting Name="textentry_setup_moveintoattackrangehealthpercent">99</Setting>
				<Setting Name="textentry_setup_petpercenttoattack">97</Setting>
				<Setting Name="textentry_setup_powertousecas">5</Setting>
				<Setting Name="textentry_setup_healthtousecas">25</Setting>
				<Setting Name="textentry_setup_percenttousemanastone">10</Setting>
				<Setting Name="textentry_setup_percenttouseshards">10</Setting>
				<Setting Name="textentry_setup_reswaittimer">2</Setting>
				<Setting Name="checkbox_setup_broadcasttellstouplink">TRUE</Setting>
				<Setting Name="checkbox_setup_receivetellsfromuplink">TRUE</Setting>
				<Setting Name="textentry_setup_moveintomeleerangemaxdistance">400</Setting>
				<Setting Name="textentry_setup_autofollowmaxdistance">35</Setting>
				<Setting Name="combobox_setup_autofollowname">Tank</Setting>
				<Setting Name="textentry_setup_pbaetargets">2</Setting>
				<Setting Name="textentry_setup_encountertargets">2</Setting>
			</Set>
			<Set Name="CastStack">
				<Set Name="1">
					<Setting Name="__IsItem">TRUE</Setting>
					<Setting Name="__ItemName">_EQUIPPED_Left Charm_21</Setting>
					<Setting Name="__SourceName">Item:_EQUIPPED_Left Charm_21</Setting>
					<Setting Name="ATag">ColKnow</Setting>
					<Setting Name="AType">Listen Only</Setting>
					<Setting Name="Type">CA</Setting>
				</Set>
				<Set Name="2">
					<Setting Name="%">100</Setting>
					<Setting Name="__SourceName">Rampage</Setting>
					<Setting Name="ATag">PreCastTag</Setting>
					<Setting Name="AType">Listen Only</Setting>
					<Setting Name="Type">Heal</Setting>
				</Set>
				<Set Name="3">
					<Setting Name="%">100</Setting>
					<Setting Name="__SourceName">Controlled Rage</Setting>
					<Setting Name="ATag">PreCastTag</Setting>
					<Setting Name="AType">Listen Only</Setting>
					<Setting Name="Type">Heal</Setting>
				</Set>
				<Set Name="4">
					<Setting Name="#">1</Setting>
					<Setting Name="%">100</Setting>
					<Setting Name="__SourceName">Chaos</Setting>
					<Setting Name="ATag">PreCastTag</Setting>
					<Setting Name="AType">Listen Only</Setting>
					<Setting Name="Target">@Me</Setting>
					<Setting Name="Type">Heal</Setting>
				</Set>
				<Set Name="5">
					<Setting Name="%">100</Setting>
					<Setting Name="__SourceName">Battle Frenzy</Setting>
					<Setting Name="ATag">PreCastTag</Setting>
					<Setting Name="AType">Listen Only</Setting>
					<Setting Name="Type">Heal</Setting>
				</Set>
				<Set Name="6">
					<Setting Name="%">100</Setting>
					<Setting Name="__SourceName">Battlemaster</Setting>
					<Setting Name="ATag">PreCastTag</Setting>
					<Setting Name="AType">Listen Only</Setting>
					<Setting Name="Type">Heal</Setting>
				</Set>
				<Set Name="7">
					<Setting Name="__SourceName">------------------------------------------------------------------------------</Setting>
					<Setting Name="Type">Buff</Setting>
				</Set>
				<Set Name="8">
					<Setting Name="__Disabled">TRUE</Setting>
					<Setting Name="__SourceName">Mock</Setting>
					<Setting Name="Tag">InterruptMode</Setting>
					<Setting Name="Type">CA</Setting>
				</Set>
				<Set Name="9">
					<Setting Name="__IsItem">TRUE</Setting>
					<Setting Name="__ItemName">Cerebral Incubator</Setting>
					<Setting Name="__SourceName">Item:Cerebral Incubator</Setting>
					<Setting Name="RIE">TRUE</Setting>
					<Setting Name="Type">Buff</Setting>
				</Set>
				<Set Name="10">
					<Setting Name="__IsItem">TRUE</Setting>
					<Setting Name="__ItemName">Gadsin's Zombified Eyeball</Setting>
					<Setting Name="__SourceName">Item:Gadsin's Zombified Eyeball</Setting>
					<Setting Name="RIE">TRUE</Setting>
					<Setting Name="Type">Buff</Setting>
				</Set>
				<Set Name="11">
					<Setting Name="__Disabled">TRUE</Setting>
					<Setting Name="__IsItem">TRUE</Setting>
					<Setting Name="__ItemName">Forlorn Cure Arcane</Setting>
					<Setting Name="__SourceName">Item:Forlorn Cure Arcane</Setting>
					<Setting Name="Tag">CurePot</Setting>
					<Setting Name="Type">Cure</Setting>
				</Set>
				<Set Name="12">
					<Setting Name="__Disabled">TRUE</Setting>
					<Setting Name="__IsItem">TRUE</Setting>
					<Setting Name="__ItemName">Forlorn Cure Elemental</Setting>
					<Setting Name="__SourceName">Item:Forlorn Cure Elemental</Setting>
					<Setting Name="Tag">CurePot</Setting>
					<Setting Name="Type">Cure</Setting>
				</Set>
				<Set Name="13">
					<Setting Name="__Disabled">TRUE</Setting>
					<Setting Name="__IsItem">TRUE</Setting>
					<Setting Name="__ItemName">Forlorn Cure Noxious</Setting>
					<Setting Name="__SourceName">Item:Forlorn Cure Noxious</Setting>
					<Setting Name="Tag">CurePot</Setting>
					<Setting Name="Type">Cure</Setting>
				</Set>
				<Set Name="14">
					<Setting Name="__Disabled">TRUE</Setting>
					<Setting Name="__IsItem">TRUE</Setting>
					<Setting Name="__ItemName">Forlorn Cure Trauma</Setting>
					<Setting Name="__SourceName">Item:Forlorn Cure Trauma</Setting>
					<Setting Name="Tag">CurePot</Setting>
					<Setting Name="Type">Cure</Setting>
				</Set>
				<Set Name="15">
					<Setting Name="__SourceName">Rescue</Setting>
					<Setting Name="Aggro&lt;">99</Setting>
					<Setting Name="ETag">SlowSnap</Setting>
					<Setting Name="Tag">Snap</Setting>
					<Setting Name="Type">CA</Setting>
				</Set>
				<Set Name="16">
					<Setting Name="__SourceName">Sneering Assault</Setting>
					<Setting Name="Aggro&lt;">99</Setting>
					<Setting Name="ETag">SlowSnap</Setting>
					<Setting Name="Tag">Snap</Setting>
					<Setting Name="Type">CA</Setting>
				</Set>
				<Set Name="17">
					<Setting Name="__SourceName">Cry of the Warrior</Setting>
					<Setting Name="Aggro&lt;">99</Setting>
					<Setting Name="ETag">SlowSnap</Setting>
					<Setting Name="Tag">Snap</Setting>
					<Setting Name="Type">CA</Setting>
				</Set>
				<Set Name="18">
					<Setting Name="#">1</Setting>
					<Setting Name="__SourceName">Jeering Onslaught</Setting>
					<Setting Name="Aggro&lt;">99</Setting>
					<Setting Name="ETag">SlowSnap</Setting>
					<Setting Name="Tag">Snap</Setting>
					<Setting Name="Type">CA</Setting>
				</Set>
				<Set Name="19">
					<Setting Name="__SourceName">Balanced Synergy</Setting>
					<Setting Name="Type">Custom</Setting>
				</Set>
				<Set Name="20">
					<Setting Name="%">60</Setting>
					<Setting Name="__SourceName">Intercept</Setting>
					<Setting Name="Target">@NotSelfGroup</Setting>
					<Setting Name="Type">Heal</Setting>
				</Set>
				<Set Name="21">
					<Setting Name="%">70</Setting>
					<Setting Name="__SourceName">Wall of Force</Setting>
					<Setting Name="ETag">OhShit</Setting>
					<Setting Name="Type">Heal</Setting>
				</Set>
				<Set Name="22">
					<Setting Name="%">80</Setting>
					<Setting Name="__SourceName">Gut Roar</Setting>
					<Setting Name="ETag">OhShit</Setting>
					<Setting Name="EType">Listen Only</Setting>
					<Setting Name="Type">Heal</Setting>
				</Set>
				<Set Name="23">
					<Setting Name="%">60</Setting>
					<Setting Name="__SourceName">Stand Firm</Setting>
					<Setting Name="ETag">OhShit</Setting>
					<Setting Name="EType">Listen Only</Setting>
					<Setting Name="Type">Heal</Setting>
				</Set>
				<Set Name="24">
					<Setting Name="%">60</Setting>
					<Setting Name="__SourceName">Draconic Shout</Setting>
					<Setting Name="Type">Heal</Setting>
				</Set>
				<Set Name="25">
					<Setting Name="%">70</Setting>
					<Setting Name="__SourceName">Perfect Counter</Setting>
					<Setting Name="Type">Heal</Setting>
				</Set>
				<Set Name="26">
					<Setting Name="%">75</Setting>
					<Setting Name="__Disabled">TRUE</Setting>
					<Setting Name="__SourceName">Diamond Flesh</Setting>
					<Setting Name="Type">Heal</Setting>
				</Set>
				<Set Name="27">
					<Setting Name="__SourceName">Vision of Madness</Setting>
					<Setting Name="Type">Buff</Setting>
				</Set>
				<Set Name="28">
					<Setting Name="__SourceName">------------------------------------------------------------------------------</Setting>
					<Setting Name="Type">Buff</Setting>
				</Set>
				<Set Name="29">
					<Setting Name="__Disabled">TRUE</Setting>
					<Setting Name="__SourceName">Mock</Setting>
					<Setting Name="N_HP&gt;">99</Setting>
					<Setting Name="Type">NamedCA</Setting>
				</Set>
				<Set Name="30">
					<Setting Name="__SourceName">Open Wounds</Setting>
					<Setting Name="ATag">OpenWounds</Setting>
					<Setting Name="AType">Trigger Only</Setting>
					<Setting Name="ETag">OpenWounds</Setting>
					<Setting Name="ID">TRUE</Setting>
					<Setting Name="Target">@Me</Setting>
					<Setting Name="Type">Combat</Setting>
				</Set>
				<Set Name="31">
					<Setting Name="__SourceName">Chaos</Setting>
					<Setting Name="Target">@Me</Setting>
					<Setting Name="Type">Combat</Setting>
				</Set>
				<Set Name="32">
					<Setting Name="__SourceName">Battle Frenzy</Setting>
					<Setting Name="ETag">DefensiveRotatiion</Setting>
					<Setting Name="Target">@Me</Setting>
					<Setting Name="Type">Combat</Setting>
				</Set>
				<Set Name="33">
					<Setting Name="__SourceName">Adrenaline</Setting>
					<Setting Name="ETag">DefensiveRotatiion</Setting>
					<Setting Name="Target">@Me</Setting>
					<Setting Name="Type">Combat</Setting>
				</Set>
				<Set Name="34">
					<Setting Name="__SourceName">Rampage</Setting>
					<Setting Name="Target">@Me</Setting>
					<Setting Name="Type">Combat</Setting>
				</Set>
				<Set Name="35">
					<Setting Name="__Disabled">TRUE</Setting>
					<Setting Name="__IsItem">TRUE</Setting>
					<Setting Name="__ItemName">_ADORN_Heart of Luclin</Setting>
					<Setting Name="__SourceName">Item:_ADORN_Heart of Luclin</Setting>
					<Setting Name="RIE">TRUE</Setting>
					<Setting Name="Type">NamedCA</Setting>
				</Set>
				<Set Name="36">
					<Setting Name="#">5</Setting>
					<Setting Name="__SourceName">Partisan Cleave</Setting>
					<Setting Name="ATag">OpenWounds</Setting>
					<Setting Name="AType">Listen Only</Setting>
					<Setting Name="Type">CA</Setting>
				</Set>
				<Set Name="37">
					<Setting Name="#">5</Setting>
					<Setting Name="__SourceName">Berserker Onslaught</Setting>
					<Setting Name="ATag">OpenWounds</Setting>
					<Setting Name="AType">Listen Only</Setting>
					<Setting Name="Type">CA</Setting>
				</Set>
				<Set Name="38">
					<Setting Name="#">3</Setting>
					<Setting Name="__SourceName">Partisan Cleave</Setting>
					<Setting Name="ATag">OpenWounds</Setting>
					<Setting Name="AType">Listen Only</Setting>
					<Setting Name="Type">CA</Setting>
				</Set>
				<Set Name="39">
					<Setting Name="__SourceName">Menace</Setting>
					<Setting Name="N_HP&lt;">99</Setting>
					<Setting Name="Tag">Snap</Setting>
					<Setting Name="Type">NamedCA</Setting>
				</Set>
				<Set Name="40">
					<Setting Name="__SourceName">Experienced Insight</Setting>
					<Setting Name="Target">@Me</Setting>
					<Setting Name="Type">Combat</Setting>
				</Set>
				<Set Name="41">
					<Setting Name="__SourceName">Acceleration Strike</Setting>
					<Setting Name="ID">TRUE</Setting>
					<Setting Name="Type">CA</Setting>
				</Set>
				<Set Name="42">
					<Setting Name="__SourceName">Juggernaut</Setting>
					<Setting Name="Target">@Me</Setting>
					<Setting Name="Type">Combat</Setting>
				</Set>
				<Set Name="43">
					<Setting Name="__SourceName">Wall of Rage</Setting>
					<Setting Name="IAE">TRUE</Setting>
					<Setting Name="Type">Debuff</Setting>
				</Set>
				<Set Name="44">
					<Setting Name="__SourceName">Controlled Rage</Setting>
					<Setting Name="Type">Debuff</Setting>
				</Set>
				<Set Name="45">
					<Setting Name="#">5</Setting>
					<Setting Name="__SourceName">Bloodbath</Setting>
					<Setting Name="ATag">OpenWounds</Setting>
					<Setting Name="AType">Listen Only</Setting>
					<Setting Name="Type">CA</Setting>
				</Set>
				<Set Name="46">
					<Setting Name="#">5</Setting>
					<Setting Name="__SourceName">Utter Destruction</Setting>
					<Setting Name="ATag">OpenWounds</Setting>
					<Setting Name="AType">Listen Only</Setting>
					<Setting Name="Type">CA</Setting>
				</Set>
				<Set Name="47">
					<Setting Name="#">3</Setting>
					<Setting Name="__SourceName">Berserker Onslaught</Setting>
					<Setting Name="ATag">OpenWounds</Setting>
					<Setting Name="AType">Listen Only</Setting>
					<Setting Name="Type">CA</Setting>
				</Set>
				<Set Name="48">
					<Setting Name="#">5</Setting>
					<Setting Name="__SourceName">Insolence</Setting>
					<Setting Name="Tag">Snap</Setting>
					<Setting Name="Type">CA</Setting>
				</Set>
				<Set Name="49">
					<Setting Name="#">4</Setting>
					<Setting Name="__SourceName">Utter Destruction</Setting>
					<Setting Name="ATag">OpenWounds</Setting>
					<Setting Name="AType">Listen Only</Setting>
					<Setting Name="Type">CA</Setting>
				</Set>
				<Set Name="50">
					<Setting Name="#">3</Setting>
					<Setting Name="__SourceName">Bloodbath</Setting>
					<Setting Name="ATag">OpenWounds</Setting>
					<Setting Name="AType">Listen Only</Setting>
					<Setting Name="Type">CA</Setting>
				</Set>
				<Set Name="51">
					<Setting Name="__SourceName">Weapon Counter</Setting>
					<Setting Name="Target">@Me</Setting>
					<Setting Name="Type">Combat</Setting>
				</Set>
				<Set Name="52">
					<Setting Name="__SourceName">Annihilate</Setting>
					<Setting Name="N_HP&lt;">98</Setting>
					<Setting Name="Type">NamedCA</Setting>
				</Set>
				<Set Name="53">
					<Setting Name="#">5</Setting>
					<Setting Name="__SourceName">Saga of Bloodshed</Setting>
					<Setting Name="ATag">OpenWounds</Setting>
					<Setting Name="AType">Listen Only</Setting>
					<Setting Name="Type">CA</Setting>
				</Set>
				<Set Name="54">
					<Setting Name="#">3</Setting>
					<Setting Name="__SourceName">Utter Destruction</Setting>
					<Setting Name="ATag">OpenWounds</Setting>
					<Setting Name="AType">Listen Only</Setting>
					<Setting Name="Type">CA</Setting>
				</Set>
				<Set Name="55">
					<Setting Name="__SourceName">Dismember</Setting>
					<Setting Name="N_HP&lt;">98</Setting>
					<Setting Name="Type">NamedCA</Setting>
				</Set>
				<Set Name="56">
					<Setting Name="#">5</Setting>
					<Setting Name="__SourceName">Dragoon Spin</Setting>
					<Setting Name="Type">CA</Setting>
				</Set>
				<Set Name="57">
					<Setting Name="#">1</Setting>
					<Setting Name="__SourceName">Partisan Cleave</Setting>
					<Setting Name="ATag">OpenWounds</Setting>
					<Setting Name="AType">Listen Only</Setting>
					<Setting Name="Type">CA</Setting>
				</Set>
				<Set Name="58">
					<Setting Name="#">3</Setting>
					<Setting Name="__SourceName">Insolence</Setting>
					<Setting Name="Tag">Snap</Setting>
					<Setting Name="Type">CA</Setting>
				</Set>
				<Set Name="59">
					<Setting Name="#">3</Setting>
					<Setting Name="__SourceName">Saga of Bloodshed</Setting>
					<Setting Name="ATag">OpenWounds</Setting>
					<Setting Name="AType">Listen Only</Setting>
					<Setting Name="Type">CA</Setting>
				</Set>
				<Set Name="60">
					<Setting Name="#">1</Setting>
					<Setting Name="__SourceName">Berserker Onslaught</Setting>
					<Setting Name="ATag">OpenWounds</Setting>
					<Setting Name="AType">Listen Only</Setting>
					<Setting Name="Type">CA</Setting>
				</Set>
				<Set Name="61">
					<Setting Name="#">3</Setting>
					<Setting Name="__SourceName">Dragoon Spin</Setting>
					<Setting Name="Type">CA</Setting>
				</Set>
				<Set Name="62">
					<Setting Name="#">5</Setting>
					<Setting Name="__SourceName">Earthshock</Setting>
					<Setting Name="ATag">OpenWounds</Setting>
					<Setting Name="AType">Listen Only</Setting>
					<Setting Name="ETag">Earthshock</Setting>
					<Setting Name="ID">TRUE</Setting>
					<Setting Name="Type">CA</Setting>
				</Set>
				<Set Name="63">
					<Setting Name="#">1</Setting>
					<Setting Name="__SourceName">Bloodbath</Setting>
					<Setting Name="ATag">OpenWounds</Setting>
					<Setting Name="AType">Listen Only</Setting>
					<Setting Name="Type">CA</Setting>
				</Set>
				<Set Name="64">
					<Setting Name="__SourceName">Battlemaster</Setting>
					<Setting Name="Named">TRUE</Setting>
					<Setting Name="Target">@Me</Setting>
					<Setting Name="Type">Combat</Setting>
				</Set>
				<Set Name="65">
					<Setting Name="__SourceName">Executioner's Wrath</Setting>
					<Setting Name="Type">CA</Setting>
				</Set>
				<Set Name="66">
					<Setting Name="#">3</Setting>
					<Setting Name="__SourceName">Earthshock</Setting>
					<Setting Name="ATag">OpenWounds</Setting>
					<Setting Name="AType">Listen Only</Setting>
					<Setting Name="ETag">Earthshock</Setting>
					<Setting Name="ID">TRUE</Setting>
					<Setting Name="Type">CA</Setting>
				</Set>
				<Set Name="67">
					<Setting Name="#">1</Setting>
					<Setting Name="__SourceName">Insolence</Setting>
					<Setting Name="Tag">Snap</Setting>
					<Setting Name="Type">CA</Setting>
				</Set>
				<Set Name="68">
					<Setting Name="__Disabled">TRUE</Setting>
					<Setting Name="__SourceName">Erosion</Setting>
					<Setting Name="Tag">Ascension</Setting>
					<Setting Name="Type">NamedCA</Setting>
				</Set>
				<Set Name="69">
					<Setting Name="__Disabled">TRUE</Setting>
					<Setting Name="__SourceName">Stone Hammer</Setting>
					<Setting Name="Tag">Ascension</Setting>
					<Setting Name="Type">NamedCA</Setting>
				</Set>
				<Set Name="70">
					<Setting Name="#">1</Setting>
					<Setting Name="__SourceName">Saga of Bloodshed</Setting>
					<Setting Name="ATag">OpenWounds</Setting>
					<Setting Name="AType">Listen Only</Setting>
					<Setting Name="Type">CA</Setting>
				</Set>
				<Set Name="71">
					<Setting Name="__SourceName">Frenzy</Setting>
					<Setting Name="Type">CA</Setting>
				</Set>
				<Set Name="72">
					<Setting Name="#">1</Setting>
					<Setting Name="__SourceName">Dragoon Spin</Setting>
					<Setting Name="Type">CA</Setting>
				</Set>
				<Set Name="73">
					<Setting Name="__SourceName">Body Check</Setting>
					<Setting Name="ID">TRUE</Setting>
					<Setting Name="Type">CA</Setting>
				</Set>
				<Set Name="74">
					<Setting Name="#">1</Setting>
					<Setting Name="__SourceName">Enrage</Setting>
					<Setting Name="Type">CA</Setting>
				</Set>
				<Set Name="75">
					<Setting Name="__SourceName">Demolish</Setting>
					<Setting Name="ID">TRUE</Setting>
					<Setting Name="Type">CA</Setting>
				</Set>
				<Set Name="76">
					<Setting Name="__SourceName">Master's Rage</Setting>
					<Setting Name="ID">TRUE</Setting>
					<Setting Name="Type">CA</Setting>
				</Set>
				<Set Name="77">
					<Setting Name="#">1</Setting>
					<Setting Name="__SourceName">Earthshock</Setting>
					<Setting Name="ATag">OpenWounds</Setting>
					<Setting Name="AType">Listen Only</Setting>
					<Setting Name="ETag">Earthshock</Setting>
					<Setting Name="ID">TRUE</Setting>
					<Setting Name="Type">CA</Setting>
				</Set>
				<Set Name="78">
					<Setting Name="#">1</Setting>
					<Setting Name="__SourceName">Stunning Roar</Setting>
					<Setting Name="Type">CA</Setting>
				</Set>
				<Set Name="79">
					<Setting Name="__SourceName">Mock</Setting>
					<Setting Name="Type">CA</Setting>
				</Set>
				<Set Name="80">
					<Setting Name="__SourceName">Head Crush</Setting>
					<Setting Name="ID">TRUE</Setting>
					<Setting Name="Type">CA</Setting>
				</Set>
				<Set Name="81">
					<Setting Name="__SourceName">Maul</Setting>
					<Setting Name="ID">TRUE</Setting>
					<Setting Name="Type">CA</Setting>
				</Set>
				<Set Name="82">
					<Setting Name="__SourceName">Rupture</Setting>
					<Setting Name="Type">CA</Setting>
				</Set>
				<Set Name="83">
					<Setting Name="__SourceName">Knee Break</Setting>
					<Setting Name="Type">CA</Setting>
				</Set>
				<Set Name="84">
					<Setting Name="__SourceName">Raging Blow</Setting>
					<Setting Name="Type">CA</Setting>
				</Set>
				<Set Name="85">
					<Setting Name="__SourceName">------------------------------------------------------------------------------</Setting>
					<Setting Name="Type">Buff</Setting>
				</Set>
				<Set Name="86">
					<Setting Name="__IsItem">TRUE</Setting>
					<Setting Name="__ItemName">Scepter of Illumination</Setting>
					<Setting Name="__SourceName">Item:Scepter of Illumination</Setting>
					<Setting Name="Tag">Scepter</Setting>
					<Setting Name="Type">NamedCA</Setting>
				</Set>
				<Set Name="87">
					<Setting Name="__IsItem">TRUE</Setting>
					<Setting Name="__ItemName">Scepter of Shadows</Setting>
					<Setting Name="__SourceName">Item:Scepter of Shadows</Setting>
					<Setting Name="Tag">Scepter</Setting>
					<Setting Name="Type">NamedCA</Setting>
				</Set>
				<Set Name="88">
					<Setting Name="__Disabled">TRUE</Setting>
					<Setting Name="__SourceName">Geotic Rampage</Setting>
					<Setting Name="Named">TRUE</Setting>
					<Setting Name="Target">@Me</Setting>
					<Setting Name="Type">Combat</Setting>
				</Set>
				<Set Name="89">
					<Setting Name="__Disabled">TRUE</Setting>
					<Setting Name="__SourceName">Obsidian Mind</Setting>
					<Setting Name="Named">TRUE</Setting>
					<Setting Name="Target">@Me</Setting>
					<Setting Name="Type">Combat</Setting>
				</Set>
				<Set Name="90">
					<Setting Name="#">1</Setting>
					<Setting Name="__Disabled">TRUE</Setting>
					<Setting Name="__SourceName">Domain of Earth</Setting>
					<Setting Name="Tag">Ascension</Setting>
					<Setting Name="Type">NamedCA</Setting>
				</Set>
				<Set Name="91">
					<Setting Name="__Disabled">TRUE</Setting>
					<Setting Name="__SourceName">Mudslide</Setting>
					<Setting Name="Tag">Ascension</Setting>
					<Setting Name="Type">NamedCA</Setting>
				</Set>
				<Set Name="92">
					<Setting Name="__Disabled">TRUE</Setting>
					<Setting Name="__SourceName">Telluric Rending</Setting>
					<Setting Name="Tag">Ascension</Setting>
					<Setting Name="Type">NamedCA</Setting>
				</Set>
				<Set Name="93">
					<Setting Name="#">1</Setting>
					<Setting Name="__Disabled">TRUE</Setting>
					<Setting Name="__SourceName">Terrestrial Coffin</Setting>
					<Setting Name="Tag">Ascension</Setting>
					<Setting Name="Type">NamedCA</Setting>
				</Set>
				<Set Name="94">
					<Setting Name="__Disabled">TRUE</Setting>
					<Setting Name="__SourceName">Accretion</Setting>
					<Setting Name="Named">TRUE</Setting>
					<Setting Name="Target">@Me</Setting>
					<Setting Name="Type">Combat</Setting>
				</Set>
				<Set Name="95">
					<Setting Name="__Disabled">TRUE</Setting>
					<Setting Name="__SourceName">Reckless Aide</Setting>
					<Setting Name="Target">@DPS1</Setting>
					<Setting Name="Type">Buff</Setting>
				</Set>
				<Set Name="96">
					<Setting Name="__SourceName">------------------------------------------------------------------------------</Setting>
					<Setting Name="Type">Buff</Setting>
				</Set>
				<Set Name="97">
					<Setting Name="__SourceName">Visions of Vetrovia: Flawless Execution</Setting>
					<Setting Name="Type">Buff</Setting>
				</Set>
				<Set Name="98">
					<Setting Name="__SourceName">Monolithic Mercenary Infusion</Setting>
					<Setting Name="Type">Buff</Setting>
				</Set>
				<Set Name="99">
					<Setting Name="__SourceName">Jubilant Familiar Infusion</Setting>
					<Setting Name="Type">Buff</Setting>
				</Set>
				<Set Name="100">
					<Setting Name="__Disabled">TRUE</Setting>
					<Setting Name="__SourceName">Reign of Shadows: Ethereal Familiar Infusion</Setting>
					<Setting Name="Type">Buff</Setting>
				</Set>
				<Set Name="101">
					<Setting Name="__Disabled">TRUE</Setting>
					<Setting Name="__SourceName">Blood Ember Familiar Infusion</Setting>
					<Setting Name="Type">Buff</Setting>
				</Set>
				<Set Name="102">
					<Setting Name="__SourceName">Tolan's Darkwood Mount Infusion</Setting>
					<Setting Name="Type">Buff</Setting>
				</Set>
				<Set Name="103">
					<Setting Name="__Disabled">TRUE</Setting>
					<Setting Name="__SourceName">Reign of Shadows: Ethereal Mount Infusion</Setting>
					<Setting Name="Type">Buff</Setting>
				</Set>
				<Set Name="104">
					<Setting Name="__SourceName">Unflinching Will</Setting>
					<Setting Name="Type">Buff</Setting>
				</Set>
				<Set Name="105">
					<Setting Name="__SourceName">Berserk Rage</Setting>
					<Setting Name="Type">Buff</Setting>
				</Set>
				<Set Name="106">
					<Setting Name="__SourceName">War Cry</Setting>
					<Setting Name="Type">Buff</Setting>
				</Set>
				<Set Name="107">
					<Setting Name="__SourceName">Aggressive Defense</Setting>
					<Setting Name="Type">Buff</Setting>
				</Set>
				<Set Name="108">
					<Setting Name="__SourceName">Bloodlust</Setting>
					<Setting Name="Type">Buff</Setting>
				</Set>
				<Set Name="109">
					<Setting Name="__SourceName">Perseverance</Setting>
					<Setting Name="Type">Buff</Setting>
				</Set>
				<Set Name="110">
					<Setting Name="__SourceName">Blood Rage</Setting>
					<Setting Name="Type">Buff</Setting>
				</Set>
				<Set Name="111">
					<Setting Name="__SourceName">Destructive Rage</Setting>
					<Setting Name="Type">Buff</Setting>
				</Set>
				<Set Name="112">
					<Setting Name="__SourceName">Whirlwind</Setting>
					<Setting Name="Type">Buff</Setting>
				</Set>
				<Set Name="113">
					<Setting Name="__SourceName">Battle Coordination</Setting>
					<Setting Name="Type">Buff</Setting>
				</Set>
				<Set Name="114">
					<Setting Name="__SourceName">Wall of Hatred</Setting>
					<Setting Name="Type">Buff</Setting>
				</Set>
				<Set Name="115">
					<Setting Name="__SourceName">Union of Stone</Setting>
					<Setting Name="Type">Buff</Setting>
				</Set>
				<Set Name="116">
					<Setting Name="__SourceName">Guild Buff</Setting>
					<Setting Name="Type">Buff</Setting>
				</Set>
				<Set Name="117">
					<Setting Name="__SourceName">Intrinsic Nature</Setting>
					<Setting Name="Type">Buff</Setting>
				</Set>
				<Set Name="118">
					<Setting Name="__SourceName">Reversal</Setting>
					<Setting Name="Type">Buff</Setting>
				</Set>
				<Set Name="119">
					<Setting Name="__SourceName">Summon: Beloved of Bristlebane</Setting>
					<Setting Name="Type">Buff</Setting>
				</Set>
				<Set Name="120">
					<Setting Name="__SourceName">Summon: The Tribunal's Bailiff</Setting>
					<Setting Name="Type">Buff</Setting>
				</Set>
				<Set Name="121">
					<Setting Name="__Disabled">TRUE</Setting>
					<Setting Name="__SourceName">Summon Artisan's Gathering Goblin</Setting>
					<Setting Name="Type">Buff</Setting>
				</Set>
				<Set Name="122">
					<Setting Name="__Disabled">TRUE</Setting>
					<Setting Name="__SourceName">Illusion: Jann Magi</Setting>
					<Setting Name="Type">Buff</Setting>
				</Set>
				<Set Name="123">
					<Setting Name="__Disabled">TRUE</Setting>
					<Setting Name="__SourceName">Loyal Zelniak Companion</Setting>
					<Setting Name="Type">Buff</Setting>
				</Set>
				<Set Name="124">
					<Setting Name="__Disabled">TRUE</Setting>
					<Setting Name="__SourceName">Devoted Shadeweaver Sidekick</Setting>
					<Setting Name="Type">Buff</Setting>
				</Set>
				<Set Name="125">
					<Setting Name="__SourceName">Viridescent Feathered Stalker</Setting>
					<Setting Name="Type">Buff</Setting>
				</Set>
				<Set Name="126">
					<Setting Name="__ENDOFCASTSTACK">TRUE</Setting>
					<Setting Name="__SourceName">============= END OF CAST STACK =============</Setting>
					<Setting Name="Type">Buff</Setting>
				</Set>
			</Set>
			<Set Name="ItemRotation">
				<Set Name="1">
					<Setting Name="__IsItem">TRUE</Setting>
					<Setting Name="__ItemName">Scepter of Shadows</Setting>
					<Setting Name="__SourceName">Item:Scepter of Shadows</Setting>
					<Setting Name="Dur">15</Setting>
					<Setting Name="I">TRUE</Setting>
				</Set>
				<Set Name="2">
					<Setting Name="__IsItem">TRUE</Setting>
					<Setting Name="__ItemName">Scepter of Illumination</Setting>
					<Setting Name="__SourceName">Item:Scepter of Illumination</Setting>
					<Setting Name="Dur">30</Setting>
					<Setting Name="I">TRUE</Setting>
				</Set>
			</Set>
			<Set Name="Precast">
				<Set Name="1">
					<Setting Name="__SourceName">Body Check</Setting>
					<Setting Name="On">Belly Smash</Setting>
				</Set>
			</Set>
			<Set Name="Loot">
				<Setting Name="checkbox_loot_ffaaccept">FALSE</Setting>
				<Setting Name="checkbox_loot_confirmnotrade">TRUE</Setting>
				<Setting Name="checkbox_loot_lo_enable">TRUE</Setting>
				<Setting Name="checkbox_loot_lo_looteverything">FALSE</Setting>
				<Setting Name="checkbox_loot_lo_smartassign">TRUE</Setting>
				<Setting Name="checkbox_loot_lo_loottradables">TRUE</Setting>
			</Set>
			<Set Name="OSA">
				<Setting Name="slider_osa_radius">149</Setting>
				<Setting Name="textentry_osa_radius">149</Setting>
				<Setting Name="checkbox_osa_targetsonly">FALSE</Setting>
			</Set>
			<Set Name="Announce">
				<Set Name="1">
					<Setting Name="__SourceName">Balanced Synergy</Setting>
					<Setting Name="Target">Group</Setting>
					<Setting Name="Txt">Balanced Synergy - Fighter</Setting>
				</Set>
				<Set Name="2">
					<Setting Name="__SourceName">Bulwark of Order</Setting>
					<Setting Name="Target">Execute In Console</Setting>
					<Setting Name="Txt">oc !c -AbilityTag all Bulwark 5 Embargo -g Uwopo</Setting>
				</Set>
			</Set>
			<Set Name="AutoHunt">
				<Setting Name="checkbox_autohunt_checkaggro">FALSE</Setting>
				<Setting Name="textentry_autohunt_scanradius">50</Setting>
				<Setting Name="checkbox_autohunt_ignoregreen">FALSE</Setting>
				<Setting Name="checkbox_autohunt_ignoregray">FALSE</Setting>
				<Setting Name="checkbox_autohunt_ignorered">FALSE</Setting>
				<Setting Name="checkbox_autohunt_autohunt">FALSE</Setting>
				<Setting Name="checkbox_autohunt_movementonly">FALSE</Setting>
				<Setting Name="checkbox_autohunt_looppath">FALSE</Setting>
				<Setting Name="checkbox_autohunt_checkmana">FALSE</Setting>
				<Setting Name="checkbox_autohunt_checkhp">FALSE</Setting>
				<Setting Name="textentry_autohunt_checkhp">50</Setting>
			</Set>
			<Set Name="Other">
				<Setting Name="combobox_other_curabledisable">NULL</Setting>
				<Setting Name="checkbox_other_curabledisable">FALSE</Setting>
				<Setting Name="checkbox_other_requestconfrontfearviauplink">TRUE</Setting>
			</Set>
			<Set Name="Debug">
				<Setting Name="checkbox_debug_casting">FALSE</Setting>
				<Setting Name="checkbox_debug_castingdetails">FALSE</Setting>
				<Setting Name="checkbox_debug_whatisthebotdoing">FALSE</Setting>
				<Setting Name="checkbox_debug_castingcompleted">FALSE</Setting>
			</Set>
			<Set Name="AutoTarget">
				<Setting Name="checkbox_autotarget_enabled">TRUE</Setting>
				<Setting Name="slider_autotarget_scanradius">50</Setting>
				<Setting Name="slider_autotarget_rescantime">1000</Setting>
				<Setting Name="slider_autotarget_scanheight">15</Setting>
			</Set>
			<Set Name="Load">
				<Setting Name="checkbox_load_radaron">FALSE</Setting>
				<Setting Name="checkbox_load_radaroff">TRUE</Setting>
			</Set>
			<Set Name="LoadExecute">
				<Set Name="1">
					<Setting Name="__SourceName">eq2execute ics_playercombatautoface 1</Setting>
				</Set>
				<Set Name="2">
					<Setting Name="__SourceName">Run Bulwark</Setting>
				</Set>
				<Set Name="3">
					<Setting Name="__SourceName">ogre irc</Setting>
				</Set>
				<Set Name="4">
					<Setting Name="__SourceName">run Charm</Setting>
				</Set>
			</Set>
			<Set Name="EquipmentInfo">
				<Setting Name="combobox_equipmentinfo_charmoption1">Item:Behind the Schemes</Setting>
				<Setting Name="combobox_equipmentinfo_charmoption2">Item:Cerebral Incubator</Setting>
			</Set>
			<Set Name="HUDs">
				<Setting Name="checkbox_hud_npc">TRUE</Setting>
				<Setting Name="textentry_hud_npc_xpos">1400</Setting>
				<Setting Name="textentry_hud_npc_ypos">225</Setting>
				<Setting Name="checkbox_hud_pc">TRUE</Setting>
				<Setting Name="checkbox_hud_pc_loud_alerts">FALSE</Setting>
				<Setting Name="checkbox_hud_pc_ding_alerts">FALSE</Setting>
				<Setting Name="textentry_hud_pc_xpos">1400</Setting>
				<Setting Name="textentry_hud_pc_ypos">250</Setting>
				<Setting Name="checkbox_hud_group">FALSE</Setting>
				<Setting Name="checkbox_hud_raid">TRUE</Setting>
				<Setting Name="textentry_hud_raid_xpos">503</Setting>
				<Setting Name="textentry_hud_raid_ypos">97</Setting>
				<Setting Name="textentry_hud_raid_yposinc">17</Setting>
				<Setting Name="checkbox_hud_raid_hide_name">TRUE</Setting>
			</Set>
			<Set Name="OgreConsole">
				<Setting Name="textentry_ogreconsole_x">7</Setting>
				<Setting Name="textentry_ogreconsole_y">7</Setting>
				<Setting Name="textentry_ogreconsole_width">631</Setting>
				<Setting Name="textentry_ogreconsole_height">171</Setting>
				<Setting Name="checkbox_ogreconsole_connecttoirc">TRUE</Setting>
			</Set>
			<Set Name="ChatEvents">
				<Set Name="1">
					<Setting Name="__SourceName">YOUR Madness heals YOU for</Setting>
					<Setting Name="Code">OgreBotAPI:CastAbility[Uwopo,Unyielding Will]</Setting>
					<Setting Name="Ding">TRUE</Setting>
				</Set>
			</Set>
			<Set Name="AscensionEmbargoList">
				<Set Name="1">
					<Setting Name="__SourceName">Ethershadow Assassin</Setting>
				</Set>
			</Set>
			<Set Name="Items">
				<Set Name="1">
					<Setting Name="__SourceName">Beefcake's Favorite Chew Toy</Setting>
				</Set>
				<Set Name="2">
					<Setting Name="__SourceName">Behind the Schemes</Setting>
				</Set>
				<Set Name="3">
					<Setting Name="__SourceName">Cerebral Incubator</Setting>
				</Set>
				<Set Name="4">
					<Setting Name="__SourceName">Curated Locus Wagered</Setting>
				</Set>
				<Set Name="5">
					<Setting Name="__SourceName">Forlorn Cure Arcane</Setting>
				</Set>
				<Set Name="6">
					<Setting Name="__SourceName">Forlorn Cure Elemental</Setting>
				</Set>
				<Set Name="7">
					<Setting Name="__SourceName">Forlorn Cure Noxious</Setting>
				</Set>
				<Set Name="8">
					<Setting Name="__SourceName">Forlorn Cure Trauma</Setting>
				</Set>
				<Set Name="9">
					<Setting Name="__SourceName">Gadsin's Zombified Eyeball</Setting>
				</Set>
				<Set Name="10">
					<Setting Name="__SourceName">Holos Illuminated Totem</Setting>
				</Set>
				<Set Name="11">
					<Setting Name="__SourceName">Logos Canon Totem</Setting>
				</Set>
				<Set Name="12">
					<Setting Name="__SourceName">Magistrate's Machinations</Setting>
				</Set>
				<Set Name="13">
					<Setting Name="__SourceName">Scepter of Illumination</Setting>
				</Set>
				<Set Name="14">
					<Setting Name="__SourceName">Scepter of Shadows</Setting>
				</Set>
				<Set Name="15">
					<Setting Name="__SourceName">Shadowscream Essence of Clarity</Setting>
				</Set>
				<Set Name="16">
					<Setting Name="__SourceName">Shadowscream Scroll of Animosity</Setting>
				</Set>
				<Set Name="17">
					<Setting Name="__SourceName">Shadowscream Scroll of Brawn</Setting>
				</Set>
				<Set Name="18">
					<Setting Name="__SourceName">Shadowscream Scroll of Contempt</Setting>
				</Set>
				<Set Name="19">
					<Setting Name="__SourceName">Shadowscream Scroll of Grappling</Setting>
				</Set>
				<Set Name="20">
					<Setting Name="__SourceName">Shadowscream Scroll of Pugilism</Setting>
				</Set>
				<Set Name="21">
					<Setting Name="__SourceName">Shadowscream Scroll of Skirmishing</Setting>
				</Set>
				<Set Name="22">
					<Setting Name="__SourceName">_ADORN_Growing Criticals</Setting>
				</Set>
				<Set Name="23">
					<Setting Name="__SourceName">_ADORN_Heart of Luclin</Setting>
				</Set>
				<Set Name="24">
					<Setting Name="__SourceName">_EQUIPPED_Left Charm_21</Setting>
				</Set>
			</Set>
			<Set Name="Overseer">
				<Setting Name="checkbox_overseer_skip_treasured_quests">FALSE</Setting>
				<Setting Name="checkbox_overseer_skip_legendary_quests">FALSE</Setting>
				<Setting Name="checkbox_overseer_skip_fabled_quests">FALSE</Setting>
			</Set>
			<Set Name="ConsumeItems">
				<Set Name="1">
					<Setting Name="__IsItem">TRUE</Setting>
					<Setting Name="__ItemName">Shadowscream Scroll of Contempt</Setting>
					<Setting Name="__SourceName">Item:Shadowscream Scroll of Contempt</Setting>
					<Setting Name="IC">TRUE</Setting>
				</Set>
				<Set Name="2">
					<Setting Name="__IsItem">TRUE</Setting>
					<Setting Name="__ItemName">Shadowscream Scroll of Pugilism</Setting>
					<Setting Name="__SourceName">Item:Shadowscream Scroll of Pugilism</Setting>
					<Setting Name="IC">TRUE</Setting>
				</Set>
				<Set Name="3">
					<Setting Name="__IsItem">TRUE</Setting>
					<Setting Name="__ItemName">Shadowscream Scroll of Skirmishing</Setting>
					<Setting Name="__SourceName">Item:Shadowscream Scroll of Skirmishing</Setting>
					<Setting Name="IC">TRUE</Setting>
				</Set>
			</Set>
			<Set Name="Tags_AddNew">
				<Set Name="1">
					<Setting Name="__SourceName">DefensiveRotatiion</Setting>
				</Set>
				<Set Name="2">
					<Setting Name="__SourceName">FastCast</Setting>
				</Set>
				<Set Name="3">
					<Setting Name="__SourceName">OpenWounds</Setting>
				</Set>
				<Set Name="4">
					<Setting Name="__SourceName">OhShit</Setting>
				</Set>
				<Set Name="5">
					<Setting Name="__SourceName">SlowCast</Setting>
				</Set>
				<Set Name="6">
					<Setting Name="__SourceName">Earthshock</Setting>
				</Set>
				<Set Name="7">
					<Setting Name="__SourceName">PreCastTag</Setting>
				</Set>
				<Set Name="8">
					<Setting Name="__SourceName">TempItem</Setting>
				</Set>
				<Set Name="9">
					<Setting Name="__SourceName">SlowSnap</Setting>
				</Set>
				<Set Name="10">
					<Setting Name="__SourceName">ColKnow</Setting>
				</Set>
			</Set>
			<Set Name="Tags">
				<Set Name="1">
					<Setting Name="__SourceName">DefensiveRotatiion</Setting>
					<Setting Name="I">TRUE</Setting>
					<Setting Name="Me">TRUE</Setting>
				</Set>
				<Set Name="2">
					<Setting Name="+">1</Setting>
					<Setting Name="__SourceName">FastCast</Setting>
					<Setting Name="I">TRUE</Setting>
					<Setting Name="Me">TRUE</Setting>
				</Set>
				<Set Name="3">
					<Setting Name="__SourceName">OpenWounds</Setting>
					<Setting Name="I">TRUE</Setting>
					<Setting Name="Me">TRUE</Setting>
				</Set>
				<Set Name="4">
					<Setting Name="__SourceName">OhShit</Setting>
					<Setting Name="H">TRUE</Setting>
					<Setting Name="M">TRUE</Setting>
					<Setting Name="Me">TRUE</Setting>
				</Set>
				<Set Name="5">
					<Setting Name="__SourceName">SlowCast</Setting>
					<Setting Name="H">TRUE</Setting>
					<Setting Name="M">TRUE</Setting>
					<Setting Name="Me">TRUE</Setting>
				</Set>
				<Set Name="6">
					<Setting Name="__SourceName">Earthshock</Setting>
					<Setting Name="Dur">10</Setting>
					<Setting Name="I">TRUE</Setting>
					<Setting Name="Me">TRUE</Setting>
				</Set>
				<Set Name="7">
					<Setting Name="__SourceName">PreCastTag</Setting>
					<Setting Name="I">TRUE</Setting>
					<Setting Name="Me">TRUE</Setting>
				</Set>
				<Set Name="8">
					<Setting Name="__SourceName">TempItem</Setting>
					<Setting Name="I">TRUE</Setting>
					<Setting Name="Me">TRUE</Setting>
				</Set>
				<Set Name="9">
					<Setting Name="__SourceName">SlowSnap</Setting>
					<Setting Name="Dur">1</Setting>
					<Setting Name="I">TRUE</Setting>
					<Setting Name="Me">TRUE</Setting>
				</Set>
				<Set Name="10">
					<Setting Name="__SourceName">ColKnow</Setting>
					<Setting Name="I">TRUE</Setting>
					<Setting Name="Me">TRUE</Setting>
				</Set>
			</Set>
		</Set>
		<Setting Name="DefaultProfiles">VoV_Berserker</Setting>
	</Set>
</InnerSpaceSettings>
