﻿<?xml version='1.0' encoding='UTF-8'?>
<!-- Generated by LavishSettings v2 -->
<InnerSpaceSettings>
	<Set Name="Profiles">
		<Setting Name="DefaultProfiles">VoV_Jiimbo_Inq_Spring</Setting>
		<Set Name="Jiimbo_VoV_templar">
			<Set Name="Settings">
				<Setting Name="checkbox_settings_cancelabilitiestogroupcure">TRUE</Setting>
				<Setting Name="checkbox_settings_encountersmartnukes">TRUE</Setting>
				<Setting Name="checkbox_settings_aesmartnukes">TRUE</Setting>
				<Setting Name="checkbox_settings_grindoptions">TRUE</Setting>
				<Setting Name="checkbox_settings_acceptres">TRUE</Setting>
				<Setting Name="checkbox_settings_forcenamedcatab">TRUE</Setting>
				<Setting Name="checkbox_settings_movetoarea">TRUE</Setting>
				<Setting Name="checkbox_settings_globally_mute_abilityrotation">TRUE</Setting>
				<Setting Name="checkbox_settings_no_overseer">TRUE</Setting>
				<Setting Name="checkbox_settings_ascension_embargo_and_combos">FALSE</Setting>
				<Setting Name="checkbox_settings_auto_use_temporary_mount_reduction">TRUE</Setting>
				<Setting Name="checkbox_settings_auto_use_temporary_research_reduction">TRUE</Setting>
				<Setting Name="checkbox_settings_auto_use_temporary_familiar_experience">TRUE</Setting>
				<Setting Name="checkbox_settings_ignoretargettoattackhealthcheck">TRUE</Setting>
				<Setting Name="checkbox_settings_accept_zonein_confirmation">TRUE</Setting>
				<Setting Name="checkbox_settings_acceptloot">TRUE</Setting>
				<Setting Name="checkbox_settings_meleeattack">TRUE</Setting>
				<Setting Name="checkbox_settings_acceptnochoicerewards">TRUE</Setting>
				<Setting Name="checkbox_settings_acceptinvites">TRUE</Setting>
				<Setting Name="checkbox_settings_assist">TRUE</Setting>
				<Setting Name="checkbox_settings_turnoffattack">TRUE</Setting>
				<Setting Name="checkbox_settings_summon_familiar">TRUE</Setting>
				<Setting Name="checkbox_settings_facenpc">TRUE</Setting>
				<Setting Name="checkbox_settings_raidoptions">TRUE</Setting>
				<Setting Name="checkbox_settings_enable_chatevents">TRUE</Setting>
				<Setting Name="checkbox_settings_acceptraidreadychecks">TRUE</Setting>
				<Setting Name="checkbox_settings_enable_abilityrotate">TRUE</Setting>
				<Setting Name="checkbox_settings_enable_itemrotate">TRUE</Setting>
				<Setting Name="checkbox_settings_enableannouncetab">TRUE</Setting>
				<Setting Name="checkbox_settings_disablecaststack_cure">FALSE</Setting>
				<Setting Name="checkbox_settings_enablealiases">TRUE</Setting>
				<Setting Name="checkbox_settings_disablecaststack_items">FALSE</Setting>
				<Setting Name="checkbox_settings_disable_dbc_claim">TRUE</Setting>
				<Setting Name="checkbox_settings_enable_tag_embargo">TRUE</Setting>
				<Setting Name="checkbox_settings_enable_tag_allow">TRUE</Setting>
				<Setting Name="checkbox_settings_npc_cast_monitoring">TRUE</Setting>
				<Setting Name="checkbox_settings_do_not_show_available_setups">FALSE</Setting>
				<Setting Name="checkbox_settings_castwhilemoving">TRUE</Setting>
			</Set>
			<Set Name="Aliases">
				<Set Name="1">
					<Setting Name="__SourceName">*tank</Setting>
					<Setting Name="For">heresi</Setting>
				</Set>
				<Set Name="2">
					<Setting Name="__SourceName">*dps1</Setting>
					<Setting Name="For">dps</Setting>
				</Set>
				<Set Name="3">
					<Setting Name="__SourceName">*dps2</Setting>
					<Setting Name="For">dps</Setting>
				</Set>
			</Set>
			<Set Name="CastStack">
				<Set Name="1">
					<Setting Name="__SourceName">-----------BUFFS-----------------------------------------------------------------------------------------</Setting>
					<Setting Name="Type">NamedCA</Setting>
				</Set>
				<Set Name="2">
					<Setting Name="__SourceName">Aegolism</Setting>
					<Setting Name="Target">@Tank</Setting>
					<Setting Name="Type">Buff</Setting>
				</Set>
				<Set Name="3">
					<Setting Name="__SourceName">Blessings</Setting>
					<Setting Name="Type">Buff</Setting>
				</Set>
				<Set Name="4">
					<Setting Name="__SourceName">Divine Armor</Setting>
					<Setting Name="Target">@Tank</Setting>
					<Setting Name="Type">Buff</Setting>
				</Set>
				<Set Name="5">
					<Setting Name="__SourceName">Exorcise</Setting>
					<Setting Name="Type">Buff</Setting>
				</Set>
				<Set Name="6">
					<Setting Name="__SourceName">Fanatics Focus</Setting>
					<Setting Name="Type">Buff</Setting>
				</Set>
				<Set Name="7">
					<Setting Name="__SourceName">Glory</Setting>
					<Setting Name="Target">@DPS1</Setting>
					<Setting Name="Type">Buff</Setting>
				</Set>
				<Set Name="8">
					<Setting Name="__SourceName">Glory</Setting>
					<Setting Name="Target">@Tank</Setting>
					<Setting Name="Type">Buff</Setting>
				</Set>
				<Set Name="9">
					<Setting Name="__SourceName">Holy Armor</Setting>
					<Setting Name="Type">Buff</Setting>
				</Set>
				<Set Name="10">
					<Setting Name="__SourceName">Impart Faith</Setting>
					<Setting Name="Type">Buff</Setting>
				</Set>
				<Set Name="11">
					<Setting Name="__SourceName">Impenetrable Faith</Setting>
					<Setting Name="Type">Buff</Setting>
				</Set>
				<Set Name="12">
					<Setting Name="__SourceName">Intrinsic Nature</Setting>
					<Setting Name="Type">Buff</Setting>
				</Set>
				<Set Name="13">
					<Setting Name="__SourceName">Reprieve</Setting>
					<Setting Name="Type">Buff</Setting>
				</Set>
				<Set Name="14">
					<Setting Name="__SourceName">Reverence</Setting>
					<Setting Name="Target">@Tank</Setting>
					<Setting Name="Type">Buff</Setting>
				</Set>
				<Set Name="15">
					<Setting Name="__SourceName">Mana Cure</Setting>
					<Setting Name="Target">@DPS1</Setting>
					<Setting Name="Type">Buff</Setting>
				</Set>
				<Set Name="16">
					<Setting Name="__SourceName">Symbol of Marzin</Setting>
					<Setting Name="Type">Buff</Setting>
				</Set>
				<Set Name="17">
					<Setting Name="__SourceName">Sanguine Shelter</Setting>
					<Setting Name="Type">Buff</Setting>
				</Set>
				<Set Name="18">
					<Setting Name="__SourceName">Oblivion Link</Setting>
					<Setting Name="Target">@DPS1</Setting>
					<Setting Name="Type">Buff</Setting>
				</Set>
				<Set Name="19">
					<Setting Name="__SourceName">Unbroken Faith</Setting>
					<Setting Name="Target">@Tank</Setting>
					<Setting Name="Type">Buff</Setting>
				</Set>
				<Set Name="20">
					<Setting Name="__SourceName">Undaunted</Setting>
					<Setting Name="Type">Buff</Setting>
				</Set>
				<Set Name="21">
					<Setting Name="__SourceName">Unyielding Benediction</Setting>
					<Setting Name="Target">@Tank</Setting>
					<Setting Name="Type">Buff</Setting>
				</Set>
				<Set Name="22">
					<Setting Name="__SourceName">Viridescent Feathered Stalker</Setting>
					<Setting Name="Type">Buff</Setting>
				</Set>
				<Set Name="23">
					<Setting Name="__SourceName">Virtue</Setting>
					<Setting Name="Target">@Tank</Setting>
					<Setting Name="Type">Buff</Setting>
				</Set>
				<Set Name="24">
					<Setting Name="__SourceName">---------------------------------------------------------------------------------------------------------</Setting>
					<Setting Name="Type">NamedCA</Setting>
				</Set>
				<Set Name="25">
					<Setting Name="#">1</Setting>
					<Setting Name="%">100</Setting>
					<Setting Name="__SourceName">Toxic Life</Setting>
					<Setting Name="ATag">PreCast</Setting>
					<Setting Name="AType">Listen Only</Setting>
					<Setting Name="Target">@Group</Setting>
					<Setting Name="Type">Heal</Setting>
				</Set>
				<Set Name="26">
					<Setting Name="__SourceName">---------------------------------------------------------------------------------------------------------</Setting>
					<Setting Name="Type">NamedCA</Setting>
				</Set>
				<Set Name="27">
					<Setting Name="__SourceName">-------------Rez------------------------------------------------------------------</Setting>
					<Setting Name="Type">NamedCA</Setting>
				</Set>
				<Set Name="28">
					<Setting Name="#">2</Setting>
					<Setting Name="__SourceName">Blazon Life</Setting>
					<Setting Name="Target">@Group</Setting>
					<Setting Name="Type">Res</Setting>
				</Set>
				<Set Name="29">
					<Setting Name="__SourceName">Battle's Reprieve</Setting>
					<Setting Name="Target">@Group</Setting>
					<Setting Name="Type">Res</Setting>
				</Set>
				<Set Name="30">
					<Setting Name="__SourceName">Revive</Setting>
					<Setting Name="Target">@Group</Setting>
					<Setting Name="Type">Res</Setting>
				</Set>
				<Set Name="31">
					<Setting Name="__SourceName">Resurrect</Setting>
					<Setting Name="Target">@Group</Setting>
					<Setting Name="Type">Res</Setting>
				</Set>
				<Set Name="32">
					<Setting Name="__SourceName">---MEDIC!!!!-------------------------------------------------------------------------------------------</Setting>
					<Setting Name="Type">NamedCA</Setting>
				</Set>
				<Set Name="33">
					<Setting Name="%">10</Setting>
					<Setting Name="__SourceName">Sacrifice</Setting>
					<Setting Name="Target">@Tank</Setting>
					<Setting Name="Type">Heal</Setting>
				</Set>
				<Set Name="34">
					<Setting Name="%">15</Setting>
					<Setting Name="__SourceName">Holy Salvation</Setting>
					<Setting Name="ID">TRUE</Setting>
					<Setting Name="Target">@Tank</Setting>
					<Setting Name="Type">Heal</Setting>
				</Set>
				<Set Name="35">
					<Setting Name="%">30</Setting>
					<Setting Name="__SourceName">Divine Arbitration</Setting>
					<Setting Name="Target">@Tank</Setting>
					<Setting Name="Type">Heal</Setting>
				</Set>
				<Set Name="36">
					<Setting Name="%">40</Setting>
					<Setting Name="__SourceName">Radiance</Setting>
					<Setting Name="Target">@Me</Setting>
					<Setting Name="Type">Heal</Setting>
				</Set>
				<Set Name="37">
					<Setting Name="#">1</Setting>
					<Setting Name="%">25</Setting>
					<Setting Name="__SourceName">Equilibrium</Setting>
					<Setting Name="Target">@Group</Setting>
					<Setting Name="Type">Heal</Setting>
				</Set>
				<Set Name="38">
					<Setting Name="#">1</Setting>
					<Setting Name="%">55</Setting>
					<Setting Name="__SourceName">Beneficence</Setting>
					<Setting Name="Target">@Group</Setting>
					<Setting Name="Type">Heal</Setting>
				</Set>
				<Set Name="39">
					<Setting Name="%">60</Setting>
					<Setting Name="__SourceName">True Faith</Setting>
					<Setting Name="ID">TRUE</Setting>
					<Setting Name="Target">@Tank</Setting>
					<Setting Name="Type">Heal</Setting>
				</Set>
				<Set Name="40">
					<Setting Name="%">65</Setting>
					<Setting Name="__SourceName">Focused Intervention</Setting>
					<Setting Name="Target">@Group</Setting>
					<Setting Name="Type">Heal</Setting>
				</Set>
				<Set Name="41">
					<Setting Name="#">1</Setting>
					<Setting Name="%">76</Setting>
					<Setting Name="__SourceName">Divine Guidance</Setting>
					<Setting Name="ID">TRUE</Setting>
					<Setting Name="Target">@Tank</Setting>
					<Setting Name="Type">Heal</Setting>
				</Set>
				<Set Name="42">
					<Setting Name="%">70</Setting>
					<Setting Name="__SourceName">Radiance</Setting>
					<Setting Name="ID">TRUE</Setting>
					<Setting Name="Target">@Group</Setting>
					<Setting Name="Type">Heal</Setting>
				</Set>
				<Set Name="43">
					<Setting Name="#">1</Setting>
					<Setting Name="%">80</Setting>
					<Setting Name="__SourceName">Word of Redemption</Setting>
					<Setting Name="Target">@Group</Setting>
					<Setting Name="Type">Heal</Setting>
				</Set>
				<Set Name="44">
					<Setting Name="%">82</Setting>
					<Setting Name="__SourceName">Deific Reformation</Setting>
					<Setting Name="Target">@Group</Setting>
					<Setting Name="Type">Heal</Setting>
				</Set>
				<Set Name="45">
					<Setting Name="#">1</Setting>
					<Setting Name="%">85</Setting>
					<Setting Name="__SourceName">Shield of Faith</Setting>
					<Setting Name="Target">@Group</Setting>
					<Setting Name="Type">Heal</Setting>
				</Set>
				<Set Name="46">
					<Setting Name="#">1</Setting>
					<Setting Name="%">90</Setting>
					<Setting Name="__SourceName">Holy Intercession</Setting>
					<Setting Name="Target">@Group</Setting>
					<Setting Name="Type">Heal</Setting>
				</Set>
				<Set Name="47">
					<Setting Name="%">95</Setting>
					<Setting Name="__SourceName">Repent</Setting>
					<Setting Name="Target">@Tank</Setting>
					<Setting Name="Type">Heal</Setting>
				</Set>
				<Set Name="48">
					<Setting Name="__SourceName">---------------------------------------------------------------------------------------------------------</Setting>
					<Setting Name="Type">NamedCA</Setting>
				</Set>
				<Set Name="49">
					<Setting Name="__SourceName">--Cures-------------------------------------------------------------------------------------------------</Setting>
					<Setting Name="Type">NamedCA</Setting>
				</Set>
				<Set Name="50">
					<Setting Name="__SourceName">Cure Curse</Setting>
					<Setting Name="Target">@Group</Setting>
					<Setting Name="Type">CureCurse</Setting>
				</Set>
				<Set Name="51">
					<Setting Name="__SourceName">Cure Curse</Setting>
					<Setting Name="Target">@Raid</Setting>
					<Setting Name="Type">CureCurse</Setting>
				</Set>
				<Set Name="52">
					<Setting Name="#">2</Setting>
					<Setting Name="__SourceName">Devoted Resolve</Setting>
					<Setting Name="Type">Cure</Setting>
				</Set>
				<Set Name="53">
					<Setting Name="__SourceName">Cure</Setting>
					<Setting Name="Target">@Group</Setting>
					<Setting Name="Type">Cure</Setting>
				</Set>
				<Set Name="54">
					<Setting Name="__SourceName">---------------------------------------------------------------------------------------------------------</Setting>
					<Setting Name="Type">NamedCA</Setting>
				</Set>
				<Set Name="55">
					<Setting Name="__SourceName">-------------In-Combat-Boosts-N-Buffs-N-Pre-Heals----------------------------------------------------------------------</Setting>
					<Setting Name="Type">NamedCA</Setting>
				</Set>
				<Set Name="56">
					<Setting Name="__SourceName">Bulwark of Faith</Setting>
					<Setting Name="ID">TRUE</Setting>
					<Setting Name="Target">@Me</Setting>
					<Setting Name="Type">Combat</Setting>
				</Set>
				<Set Name="57">
					<Setting Name="__SourceName">Divine Waters</Setting>
					<Setting Name="ID">TRUE</Setting>
					<Setting Name="Target">@Me</Setting>
					<Setting Name="Type">Combat</Setting>
				</Set>
				<Set Name="58">
					<Setting Name="__SourceName">Sanctuary</Setting>
					<Setting Name="ID">TRUE</Setting>
					<Setting Name="Target">@Me</Setting>
					<Setting Name="Type">Combat</Setting>
				</Set>
				<Set Name="59">
					<Setting Name="__SourceName">Sanctify</Setting>
					<Setting Name="Target">@Tank</Setting>
					<Setting Name="Type">Combat</Setting>
				</Set>
				<Set Name="60">
					<Setting Name="__SourceName">Divine Recovery</Setting>
					<Setting Name="Target">@Me</Setting>
					<Setting Name="Type">Combat</Setting>
				</Set>
				<Set Name="61">
					<Setting Name="__SourceName">Divine Light</Setting>
					<Setting Name="ID">TRUE</Setting>
					<Setting Name="Target">@Tank</Setting>
					<Setting Name="Type">Combat</Setting>
				</Set>
				<Set Name="62">
					<Setting Name="__SourceName">Unswerving Hammer</Setting>
					<Setting Name="ID">TRUE</Setting>
					<Setting Name="Target">@Tank</Setting>
					<Setting Name="Type">Combat</Setting>
				</Set>
				<Set Name="63">
					<Setting Name="__SourceName">Vital Intercession</Setting>
					<Setting Name="Target">@Tank</Setting>
					<Setting Name="Type">Combat</Setting>
				</Set>
				<Set Name="64">
					<Setting Name="__SourceName">------------AE/ENCOUNTER---------------------------------------------------------------------------------</Setting>
					<Setting Name="Type">NamedCA</Setting>
				</Set>
				<Set Name="65">
					<Setting Name="#">2</Setting>
					<Setting Name="__SourceName">Necrotic Consumption</Setting>
					<Setting Name="Type">CA</Setting>
				</Set>
				<Set Name="66">
					<Setting Name="#">2</Setting>
					<Setting Name="__SourceName">Virulent Outbreak</Setting>
					<Setting Name="Type">CA</Setting>
				</Set>
				<Set Name="67">
					<Setting Name="__SourceName">---------------------------------------------------------------------------------------------------------</Setting>
					<Setting Name="Type">NamedCA</Setting>
				</Set>
				<Set Name="68">
					<Setting Name="__SourceName">-------------DPS------------------------------------------------------------------------------------------</Setting>
					<Setting Name="Type">NamedCA</Setting>
				</Set>
				<Set Name="69">
					<Setting Name="__SourceName">Healing Fate</Setting>
					<Setting Name="ID">TRUE</Setting>
					<Setting Name="Type">NamedCA</Setting>
				</Set>
				<Set Name="70">
					<Setting Name="#">1</Setting>
					<Setting Name="__SourceName">Desiccation</Setting>
					<Setting Name="ID">TRUE</Setting>
					<Setting Name="Type">NamedCA</Setting>
				</Set>
				<Set Name="71">
					<Setting Name="__SourceName">Rebuke</Setting>
					<Setting Name="Type">Debuff</Setting>
				</Set>
				<Set Name="72">
					<Setting Name="#">1</Setting>
					<Setting Name="__SourceName">Anti-Life</Setting>
					<Setting Name="Type">NamedCA</Setting>
				</Set>
				<Set Name="73">
					<Setting Name="#">1</Setting>
					<Setting Name="__SourceName">Divine Righteousness</Setting>
					<Setting Name="Type">NamedCA</Setting>
				</Set>
				<Set Name="74">
					<Setting Name="__SourceName">Reveal Fate</Setting>
					<Setting Name="Type">NamedCA</Setting>
				</Set>
				<Set Name="75">
					<Setting Name="__SourceName">Mark of Divinity</Setting>
					<Setting Name="Type">NamedCA</Setting>
				</Set>
				<Set Name="76">
					<Setting Name="__SourceName">Involuntary Gift</Setting>
					<Setting Name="Type">NamedCA</Setting>
				</Set>
				<Set Name="77">
					<Setting Name="__SourceName">Rapturous Strike</Setting>
					<Setting Name="Type">NamedCA</Setting>
				</Set>
				<Set Name="78">
					<Setting Name="__SourceName">Warring Deities</Setting>
					<Setting Name="Type">CA</Setting>
				</Set>
				<Set Name="79">
					<Setting Name="__SourceName">Smite Corruption</Setting>
					<Setting Name="Type">CA</Setting>
				</Set>
				<Set Name="80">
					<Setting Name="#">2</Setting>
					<Setting Name="__SourceName">Divine Demonstration</Setting>
					<Setting Name="Type">CA</Setting>
				</Set>
				<Set Name="81">
					<Setting Name="#">1</Setting>
					<Setting Name="__SourceName">Blaze of Faith</Setting>
					<Setting Name="Type">CA</Setting>
				</Set>
				<Set Name="82">
					<Setting Name="__SourceName">Blood Contract</Setting>
					<Setting Name="ID">TRUE</Setting>
					<Setting Name="Type">NamedCA</Setting>
				</Set>
				<Set Name="83">
					<Setting Name="__SourceName">Divine Awakening</Setting>
					<Setting Name="Type">CA</Setting>
				</Set>
				<Set Name="84">
					<Setting Name="__SourceName">Divine Castigation</Setting>
					<Setting Name="Type">CA</Setting>
				</Set>
				<Set Name="85">
					<Setting Name="__SourceName">Skull Crack</Setting>
					<Setting Name="Type">CA</Setting>
				</Set>
				<Set Name="86">
					<Setting Name="__SourceName">Septic Strike</Setting>
					<Setting Name="Type">NamedCA</Setting>
				</Set>
				<Set Name="87">
					<Setting Name="__SourceName">Revocation of Life</Setting>
					<Setting Name="Type">NamedCA</Setting>
				</Set>
			</Set>
			<Set Name="Precast">
				<Set Name="1">
					<Setting Name="__SourceName">Toxic Life</Setting>
					<Setting Name="On">Anti-Life</Setting>
				</Set>
			</Set>
			<Set Name="Postcast">
				<Set Name="1">
					<Setting Name="__SourceName">Toxic Life</Setting>
					<Setting Name="After">Anti-Life</Setting>
				</Set>
			</Set>
			<Set Name="Loot">
				<Setting Name="checkbox_loot_confirmnotrade">TRUE</Setting>
			</Set>
			<Set Name="Announce">
				<Set Name="1">
					<Setting Name="__SourceName">Balanced Synergy</Setting>
					<Setting Name="Target">Group</Setting>
					<Setting Name="Txt">Synergy</Setting>
				</Set>
				<Set Name="2">
					<Setting Name="__SourceName">Redemption</Setting>
					<Setting Name="Target">Tell To Target</Setting>
					<Setting Name="Txt">ST DP Out On Tank</Setting>
				</Set>
				<Set Name="3">
					<Setting Name="__SourceName">Divine Provenance</Setting>
					<Setting Name="Target">Group</Setting>
					<Setting Name="Txt">Melee Buff Inc</Setting>
				</Set>
				<Set Name="4">
					<Setting Name="__SourceName">Immaculate Revival</Setting>
					<Setting Name="Target">Group</Setting>
					<Setting Name="Txt">OH SHIT Button Used!</Setting>
				</Set>
				<Set Name="5">
					<Setting Name="__SourceName">Equilibrium</Setting>
					<Setting Name="Target">Group</Setting>
					<Setting Name="Txt">Picking up some slack, Equil UP</Setting>
				</Set>
				<Set Name="6">
					<Setting Name="__SourceName">Evidence of Faith</Setting>
					<Setting Name="Target">Group</Setting>
					<Setting Name="Txt">OOF</Setting>
				</Set>
				<Set Name="7">
					<Setting Name="__SourceName">Divine Guidance</Setting>
					<Setting Name="Target">Group</Setting>
					<Setting Name="Txt">DG up</Setting>
				</Set>
				<Set Name="8">
					<Setting Name="__SourceName">Verdict</Setting>
					<Setting Name="Target">Group</Setting>
					<Setting Name="Txt">Verdict is in bois</Setting>
				</Set>
			</Set>
			<Set Name="Other">
				<Setting Name="checkbox_other_curabledisable">TRUE</Setting>
				<Setting Name="combobox_other_curabledisable">Fervent Faith</Setting>
			</Set>
			<Set Name="Inquisitor">
				<Setting Name="textentry_inquisitor_verdictepicspercent">4</Setting>
				<Setting Name="textentry_inquisitor_verdictepicnamedonlypercent">4</Setting>
				<Setting Name="textentry_inquisitor_verdictheroicspercent">18</Setting>
				<Setting Name="textentry_inquisitor_verdictheroicnamedonlypercent">14</Setting>
				<Setting Name="checkbox_inquisitor_verdictheroics">TRUE</Setting>
				<Setting Name="checkbox_inquisitor_verdictheroicnamedonly">TRUE</Setting>
				<Setting Name="checkbox_inquisitor_verdictepics">TRUE</Setting>
				<Setting Name="checkbox_inquisitor_verdictepicnamedonly">TRUE</Setting>
			</Set>
			<Set Name="Debug">
				<Setting Name="checkbox_debug_casting">FALSE</Setting>
				<Setting Name="checkbox_debug_whatisthebotdoing">FALSE</Setting>
			</Set>
			<Set Name="AutoTarget">
				<Setting Name="slider_autotarget_scanheight">5</Setting>
				<Setting Name="slider_autotarget_scanradius">1</Setting>
				<Setting Name="slider_autotarget_rescantime">1</Setting>
			</Set>
			<Set Name="ChatEvents">
				<Set Name="1">
					<Setting Name="__SourceName">Synergy</Setting>
					<Setting Name="Code">OgreBotAPI:CastAbility[Aftershock,Balanced Synergy]</Setting>
				</Set>
			</Set>
			<Set Name="AscensionEmbargoList">
				<Set Name="1">
					<Setting Name="__SourceName">Ethershadow Assassin</Setting>
				</Set>
			</Set>
			<Set Name="Tags_AddNew">
				<Set Name="1">
					<Setting Name="__SourceName">PreCast</Setting>
				</Set>
			</Set>
			<Set Name="Tags">
				<Set Name="1">
					<Setting Name="__SourceName">PreCast</Setting>
					<Setting Name="I">TRUE</Setting>
				</Set>
			</Set>
		</Set>
		<Set Name="VoV_Jiimbo_Inq_Spring">
			<Set Name="Settings">
				<Setting Name="checkbox_settings_cancelabilitiestogroupcure">TRUE</Setting>
				<Setting Name="checkbox_settings_encountersmartnukes">TRUE</Setting>
				<Setting Name="checkbox_settings_aesmartnukes">TRUE</Setting>
				<Setting Name="checkbox_settings_grindoptions">TRUE</Setting>
				<Setting Name="checkbox_settings_acceptres">TRUE</Setting>
				<Setting Name="checkbox_settings_forcenamedcatab">TRUE</Setting>
				<Setting Name="checkbox_settings_movetoarea">TRUE</Setting>
				<Setting Name="checkbox_settings_globally_mute_abilityrotation">TRUE</Setting>
				<Setting Name="checkbox_settings_no_overseer">TRUE</Setting>
				<Setting Name="checkbox_settings_ascension_embargo_and_combos">FALSE</Setting>
				<Setting Name="checkbox_settings_auto_use_temporary_mount_reduction">TRUE</Setting>
				<Setting Name="checkbox_settings_auto_use_temporary_research_reduction">TRUE</Setting>
				<Setting Name="checkbox_settings_auto_use_temporary_familiar_experience">TRUE</Setting>
				<Setting Name="checkbox_settings_ignoretargettoattackhealthcheck">TRUE</Setting>
				<Setting Name="checkbox_settings_accept_zonein_confirmation">TRUE</Setting>
				<Setting Name="checkbox_settings_acceptloot">TRUE</Setting>
				<Setting Name="checkbox_settings_meleeattack">TRUE</Setting>
				<Setting Name="checkbox_settings_acceptnochoicerewards">TRUE</Setting>
				<Setting Name="checkbox_settings_acceptinvites">TRUE</Setting>
				<Setting Name="checkbox_settings_assist">TRUE</Setting>
				<Setting Name="checkbox_settings_turnoffattack">TRUE</Setting>
				<Setting Name="checkbox_settings_summon_familiar">TRUE</Setting>
				<Setting Name="checkbox_settings_facenpc">TRUE</Setting>
				<Setting Name="checkbox_settings_raidoptions">TRUE</Setting>
				<Setting Name="checkbox_settings_enable_chatevents">TRUE</Setting>
				<Setting Name="checkbox_settings_acceptraidreadychecks">TRUE</Setting>
				<Setting Name="checkbox_settings_enable_abilityrotate">TRUE</Setting>
				<Setting Name="checkbox_settings_enable_itemrotate">TRUE</Setting>
				<Setting Name="checkbox_settings_enableannouncetab">TRUE</Setting>
				<Setting Name="checkbox_settings_disablecaststack_cure">TRUE</Setting>
				<Setting Name="checkbox_settings_enablealiases">TRUE</Setting>
				<Setting Name="checkbox_settings_disablecaststack_items">FALSE</Setting>
				<Setting Name="checkbox_settings_disable_dbc_claim">TRUE</Setting>
				<Setting Name="checkbox_settings_enable_tag_embargo">TRUE</Setting>
				<Setting Name="checkbox_settings_enable_tag_allow">TRUE</Setting>
				<Setting Name="checkbox_settings_npc_cast_monitoring">TRUE</Setting>
				<Setting Name="checkbox_settings_do_not_show_available_setups">FALSE</Setting>
				<Setting Name="checkbox_settings_castwhilemoving">TRUE</Setting>
				<Setting Name="checkbox_settings_disablecaststack_curecurse">FALSE</Setting>
				<Setting Name="checkbox_settings_ho_wheel">FALSE</Setting>
				<Setting Name="checkbox_settings_disableabilitycollisionchecks">TRUE</Setting>
			</Set>
			<Set Name="Aliases">
				<Set Name="1">
					<Setting Name="__SourceName">*dps1</Setting>
					<Setting Name="For">dps</Setting>
				</Set>
				<Set Name="2">
					<Setting Name="__SourceName">*dps2</Setting>
					<Setting Name="For">dps</Setting>
				</Set>
			</Set>
			<Set Name="CastStack">
				<Set Name="1">
					<Setting Name="__SourceName">-----------BUFFS-----------------------------------------------------------------------------------------</Setting>
					<Setting Name="Type">NamedCA</Setting>
				</Set>
				<Set Name="2">
					<Setting Name="__SourceName">Absolution</Setting>
					<Setting Name="Type">Buff</Setting>
				</Set>
				<Set Name="3">
					<Setting Name="__SourceName">Act of War</Setting>
					<Setting Name="Tag">All But Tank DS</Setting>
					<Setting Name="Type">Buff</Setting>
				</Set>
				<Set Name="4">
					<Setting Name="__SourceName">Divine Armor</Setting>
					<Setting Name="Target">@Tank</Setting>
					<Setting Name="Type">Buff</Setting>
				</Set>
				<Set Name="5">
					<Setting Name="__SourceName">Dogma</Setting>
					<Setting Name="Type">Buff</Setting>
				</Set>
				<Set Name="6">
					<Setting Name="__SourceName">Exorcise</Setting>
					<Setting Name="Type">Buff</Setting>
				</Set>
				<Set Name="7">
					<Setting Name="__SourceName">Fanaticism</Setting>
					<Setting Name="Type">Buff</Setting>
				</Set>
				<Set Name="8">
					<Setting Name="__SourceName">Fanatic's Faith</Setting>
					<Setting Name="Type">Buff</Setting>
				</Set>
				<Set Name="9">
					<Setting Name="__SourceName">Fanatics Focus</Setting>
					<Setting Name="Type">Buff</Setting>
				</Set>
				<Set Name="10">
					<Setting Name="__SourceName">Impart Faith</Setting>
					<Setting Name="Type">Buff</Setting>
				</Set>
				<Set Name="11">
					<Setting Name="__SourceName">Intrinsic Nature</Setting>
					<Setting Name="Type">Buff</Setting>
				</Set>
				<Set Name="12">
					<Setting Name="__SourceName">Inquest</Setting>
					<Setting Name="Target">@DPS1</Setting>
					<Setting Name="Type">Buff</Setting>
				</Set>
				<Set Name="13">
					<Setting Name="__SourceName">Oblivion Link</Setting>
					<Setting Name="Target">Yojiimbo</Setting>
					<Setting Name="Type">Buff</Setting>
				</Set>
				<Set Name="14">
					<Setting Name="__SourceName">Reign of Shadows: Ethereal Familiar Infusion</Setting>
					<Setting Name="Type">Buff</Setting>
				</Set>
				<Set Name="15">
					<Setting Name="__SourceName">Persecution</Setting>
					<Setting Name="Tag">off.stance</Setting>
					<Setting Name="Type">Buff</Setting>
				</Set>
				<Set Name="16">
					<Setting Name="__SourceName">Reprieve</Setting>
					<Setting Name="Type">Buff</Setting>
				</Set>
				<Set Name="17">
					<Setting Name="__SourceName">Sacred Armor</Setting>
					<Setting Name="Type">Buff</Setting>
				</Set>
				<Set Name="18">
					<Setting Name="__SourceName">Sanguine Embrace</Setting>
					<Setting Name="Type">Buff</Setting>
				</Set>
				<Set Name="19">
					<Setting Name="__SourceName">Shield Ally</Setting>
					<Setting Name="Target">@DPS1</Setting>
					<Setting Name="Type">Buff</Setting>
				</Set>
				<Set Name="20">
					<Setting Name="__SourceName">Swill</Setting>
					<Setting Name="Type">Buff</Setting>
				</Set>
				<Set Name="21">
					<Setting Name="__SourceName">Tenacity</Setting>
					<Setting Name="Type">Buff</Setting>
				</Set>
				<Set Name="22">
					<Setting Name="__SourceName">Tolan's Darkwood Mount Infusion</Setting>
					<Setting Name="Type">Buff</Setting>
				</Set>
				<Set Name="23">
					<Setting Name="__SourceName">Unbroken Faith</Setting>
					<Setting Name="Target">@Tank</Setting>
					<Setting Name="Type">Buff</Setting>
				</Set>
				<Set Name="24">
					<Setting Name="__SourceName">Undaunted</Setting>
					<Setting Name="Type">Buff</Setting>
				</Set>
				<Set Name="25">
					<Setting Name="__SourceName">Viridescent Feathered Stalker</Setting>
					<Setting Name="Type">Buff</Setting>
				</Set>
				<Set Name="26">
					<Setting Name="__SourceName">---------------------------------------------------------------------------------------------------------</Setting>
					<Setting Name="Type">NamedCA</Setting>
				</Set>
				<Set Name="27">
					<Setting Name="#">1</Setting>
					<Setting Name="%">100</Setting>
					<Setting Name="__SourceName">Toxic Life</Setting>
					<Setting Name="ATag">PreCast</Setting>
					<Setting Name="AType">Listen Only</Setting>
					<Setting Name="Target">@Group</Setting>
					<Setting Name="Type">Heal</Setting>
				</Set>
				<Set Name="28">
					<Setting Name="__SourceName">--Cures-------------------------------------------------------------------------------------------------</Setting>
					<Setting Name="Type">NamedCA</Setting>
				</Set>
				<Set Name="29">
					<Setting Name="__SourceName">Cure Curse</Setting>
					<Setting Name="Target">@Group</Setting>
					<Setting Name="Type">CureCurse</Setting>
				</Set>
				<Set Name="30">
					<Setting Name="__SourceName">Cure Curse</Setting>
					<Setting Name="Target">@Raid</Setting>
					<Setting Name="Type">CureCurse</Setting>
				</Set>
				<Set Name="31">
					<Setting Name="#">1</Setting>
					<Setting Name="__SourceName">Cleansing of the Soul</Setting>
					<Setting Name="Type">Cure</Setting>
				</Set>
				<Set Name="32">
					<Setting Name="__SourceName">Cure</Setting>
					<Setting Name="Target">@Group</Setting>
					<Setting Name="Type">Cure</Setting>
				</Set>
				<Set Name="33">
					<Setting Name="#">2</Setting>
					<Setting Name="__SourceName">Resolute Flagellant</Setting>
					<Setting Name="Type">Cure</Setting>
				</Set>
				<Set Name="34">
					<Setting Name="__SourceName">-------------Rez------------------------------------------------------------------</Setting>
					<Setting Name="Type">NamedCA</Setting>
				</Set>
				<Set Name="35">
					<Setting Name="__SourceName">Revive</Setting>
					<Setting Name="Target">@Group</Setting>
					<Setting Name="Type">Res</Setting>
				</Set>
				<Set Name="36">
					<Setting Name="__SourceName">Conversion of the Soul</Setting>
					<Setting Name="Target">@Group</Setting>
					<Setting Name="Type">Res</Setting>
				</Set>
				<Set Name="37">
					<Setting Name="__SourceName">Reforming Soul</Setting>
					<Setting Name="Target">@Group</Setting>
					<Setting Name="Type">Res</Setting>
				</Set>
				<Set Name="38">
					<Setting Name="__SourceName">Reforming Soul</Setting>
					<Setting Name="Target">@Raid</Setting>
					<Setting Name="Type">Res</Setting>
				</Set>
				<Set Name="39">
					<Setting Name="#">1</Setting>
					<Setting Name="__SourceName">Resurgence</Setting>
					<Setting Name="Target">@Raid</Setting>
					<Setting Name="Type">Res</Setting>
				</Set>
				<Set Name="40">
					<Setting Name="#">2</Setting>
					<Setting Name="__SourceName">Resurgence</Setting>
					<Setting Name="Target">@Group</Setting>
					<Setting Name="Type">Res</Setting>
				</Set>
				<Set Name="41">
					<Setting Name="__SourceName">---MEDIC!!!!-------------------------------------------------------------------------------------------</Setting>
					<Setting Name="Type">NamedCA</Setting>
				</Set>
				<Set Name="42">
					<Setting Name="%">30</Setting>
					<Setting Name="__SourceName">Divine Aura</Setting>
					<Setting Name="ID">TRUE</Setting>
					<Setting Name="Type">Heal</Setting>
				</Set>
				<Set Name="43">
					<Setting Name="%">10</Setting>
					<Setting Name="__SourceName">Sacrifice</Setting>
					<Setting Name="Target">@Tank</Setting>
					<Setting Name="Type">Heal</Setting>
				</Set>
				<Set Name="44">
					<Setting Name="%">20</Setting>
					<Setting Name="__SourceName">Redemption</Setting>
					<Setting Name="ID">TRUE</Setting>
					<Setting Name="Target">@Tank</Setting>
					<Setting Name="Type">Heal</Setting>
				</Set>
				<Set Name="45">
					<Setting Name="#">1</Setting>
					<Setting Name="%">25</Setting>
					<Setting Name="__SourceName">Equilibrium</Setting>
					<Setting Name="ID">TRUE</Setting>
					<Setting Name="Tag">All But Tank DS</Setting>
					<Setting Name="Target">@Group</Setting>
					<Setting Name="Type">Heal</Setting>
				</Set>
				<Set Name="46">
					<Setting Name="#">1</Setting>
					<Setting Name="%">55</Setting>
					<Setting Name="__SourceName">Evidence of Faith</Setting>
					<Setting Name="ID">TRUE</Setting>
					<Setting Name="Tag">E-HEALS</Setting>
					<Setting Name="Target">@Group</Setting>
					<Setting Name="Type">Heal</Setting>
				</Set>
				<Set Name="47">
					<Setting Name="#">1</Setting>
					<Setting Name="%">65</Setting>
					<Setting Name="__SourceName">Divine Guidance</Setting>
					<Setting Name="ID">TRUE</Setting>
					<Setting Name="Target">@Group</Setting>
					<Setting Name="Type">Heal</Setting>
				</Set>
				<Set Name="48">
					<Setting Name="%">40</Setting>
					<Setting Name="__SourceName">Radiance</Setting>
					<Setting Name="Target">@Me</Setting>
					<Setting Name="Type">Heal</Setting>
				</Set>
				<Set Name="49">
					<Setting Name="%">70</Setting>
					<Setting Name="__SourceName">Radiance</Setting>
					<Setting Name="ID">TRUE</Setting>
					<Setting Name="Target">@Group</Setting>
					<Setting Name="Type">Heal</Setting>
				</Set>
				<Set Name="50">
					<Setting Name="%">65</Setting>
					<Setting Name="__SourceName">Penance</Setting>
					<Setting Name="ID">TRUE</Setting>
					<Setting Name="Target">@Tank</Setting>
					<Setting Name="Type">Heal</Setting>
				</Set>
				<Set Name="51">
					<Setting Name="#">1</Setting>
					<Setting Name="%">85</Setting>
					<Setting Name="__SourceName">Alleviation</Setting>
					<Setting Name="Target">@Group</Setting>
					<Setting Name="Type">Heal</Setting>
				</Set>
				<Set Name="52">
					<Setting Name="#">1</Setting>
					<Setting Name="%">90</Setting>
					<Setting Name="__SourceName">Malevolent Diatribe</Setting>
					<Setting Name="ID">TRUE</Setting>
					<Setting Name="Target">@Group</Setting>
					<Setting Name="Type">Heal</Setting>
				</Set>
				<Set Name="53">
					<Setting Name="__SourceName">Bulwark of Faith</Setting>
					<Setting Name="ID">TRUE</Setting>
					<Setting Name="Tag">WARD</Setting>
					<Setting Name="Target">@Me</Setting>
					<Setting Name="Type">Combat</Setting>
				</Set>
				<Set Name="54">
					<Setting Name="__SourceName">Divine Waters</Setting>
					<Setting Name="ID">TRUE</Setting>
					<Setting Name="Target">@Me</Setting>
					<Setting Name="Type">Combat</Setting>
				</Set>
				<Set Name="55">
					<Setting Name="__SourceName">---------------------------------------------------------------------------------------------------------</Setting>
					<Setting Name="Type">NamedCA</Setting>
				</Set>
				<Set Name="56">
					<Setting Name="__SourceName">-------------In-Combat-Boosts-N-Buffs-N-Pre-Heals----------------------------------------------------------------------</Setting>
					<Setting Name="Type">NamedCA</Setting>
				</Set>
				<Set Name="57">
					<Setting Name="__SourceName">Divine Provenance</Setting>
					<Setting Name="ID">TRUE</Setting>
					<Setting Name="Target">@Tank</Setting>
					<Setting Name="Type">Combat</Setting>
				</Set>
				<Set Name="58">
					<Setting Name="__SourceName">------------AE/ENCOUNTER---------------------------------------------------------------------------------</Setting>
					<Setting Name="Type">NamedCA</Setting>
				</Set>
				<Set Name="59">
					<Setting Name="#">2</Setting>
					<Setting Name="__SourceName">Litany Circle</Setting>
					<Setting Name="Type">CA</Setting>
				</Set>
				<Set Name="60">
					<Setting Name="#">2</Setting>
					<Setting Name="__SourceName">Necrotic Consumption</Setting>
					<Setting Name="Type">CA</Setting>
				</Set>
				<Set Name="61">
					<Setting Name="#">2</Setting>
					<Setting Name="__SourceName">Virulent Outbreak</Setting>
					<Setting Name="Type">CA</Setting>
				</Set>
				<Set Name="62">
					<Setting Name="__SourceName">-------------DPS------------------------------------------------------------------------------------------</Setting>
					<Setting Name="Type">NamedCA</Setting>
				</Set>
				<Set Name="63">
					<Setting Name="__Disabled">TRUE</Setting>
					<Setting Name="__SourceName">Skull Crack</Setting>
					<Setting Name="ID">TRUE</Setting>
					<Setting Name="Tag">interrupt</Setting>
					<Setting Name="Type">CA</Setting>
				</Set>
				<Set Name="64">
					<Setting Name="#">1</Setting>
					<Setting Name="__SourceName">Desiccation</Setting>
					<Setting Name="ID">TRUE</Setting>
					<Setting Name="Type">NamedCA</Setting>
				</Set>
				<Set Name="65">
					<Setting Name="__SourceName">Sanctifying Flames</Setting>
					<Setting Name="ID">TRUE</Setting>
					<Setting Name="Type">NamedCA</Setting>
				</Set>
				<Set Name="66">
					<Setting Name="__SourceName">Chilling Invigoration</Setting>
					<Setting Name="ID">TRUE</Setting>
					<Setting Name="Target">@Tank</Setting>
					<Setting Name="Type">Combat</Setting>
				</Set>
				<Set Name="67">
					<Setting Name="__SourceName">Vengeance</Setting>
					<Setting Name="ID">TRUE</Setting>
					<Setting Name="Type">CA</Setting>
				</Set>
				<Set Name="68">
					<Setting Name="__SourceName">Repentance</Setting>
					<Setting Name="ID">TRUE</Setting>
					<Setting Name="Type">CA</Setting>
				</Set>
				<Set Name="69">
					<Setting Name="__SourceName">Fanatic's Protection</Setting>
					<Setting Name="Target">@Tank</Setting>
					<Setting Name="Type">Combat</Setting>
				</Set>
				<Set Name="70">
					<Setting Name="__SourceName">Interrogation</Setting>
					<Setting Name="Type">NamedCA</Setting>
				</Set>
				<Set Name="71">
					<Setting Name="__SourceName">Inquisition</Setting>
					<Setting Name="Target">@Tank</Setting>
					<Setting Name="Type">Combat</Setting>
				</Set>
				<Set Name="72">
					<Setting Name="#">1</Setting>
					<Setting Name="__SourceName">Smite Heretic</Setting>
					<Setting Name="ID">TRUE</Setting>
					<Setting Name="Type">CA</Setting>
				</Set>
				<Set Name="73">
					<Setting Name="#">1</Setting>
					<Setting Name="__SourceName">Divine Demonstration</Setting>
					<Setting Name="Type">CA</Setting>
				</Set>
				<Set Name="74">
					<Setting Name="__SourceName">---------------------------------------------------------------------------------------------------------</Setting>
					<Setting Name="Type">NamedCA</Setting>
				</Set>
				<Set Name="75">
					<Setting Name="#">1</Setting>
					<Setting Name="__SourceName">Divine Righteousness</Setting>
					<Setting Name="Type">NamedDebuff</Setting>
				</Set>
				<Set Name="76">
					<Setting Name="__SourceName">Condemn</Setting>
					<Setting Name="Type">NamedDebuff</Setting>
				</Set>
				<Set Name="77">
					<Setting Name="__SourceName">Torment</Setting>
					<Setting Name="Type">NamedDebuff</Setting>
				</Set>
				<Set Name="78">
					<Setting Name="__SourceName">Interrogation</Setting>
					<Setting Name="Type">NamedCA</Setting>
				</Set>
				<Set Name="79">
					<Setting Name="__SourceName">Invocation Strike</Setting>
					<Setting Name="Type">CA</Setting>
				</Set>
				<Set Name="80">
					<Setting Name="#">1</Setting>
					<Setting Name="__SourceName">Litany Circle</Setting>
					<Setting Name="Type">CA</Setting>
				</Set>
			</Set>
			<Set Name="Loot">
				<Setting Name="checkbox_loot_confirmnotrade">TRUE</Setting>
			</Set>
			<Set Name="Announce">
				<Set Name="1">
					<Setting Name="__SourceName">Balanced Synergy</Setting>
					<Setting Name="Target">Group</Setting>
					<Setting Name="Txt">Synergy</Setting>
				</Set>
				<Set Name="2">
					<Setting Name="__SourceName">Redemption</Setting>
					<Setting Name="Target">Tell To Target</Setting>
					<Setting Name="Txt">ST DP Out On Tank</Setting>
				</Set>
				<Set Name="3">
					<Setting Name="__SourceName">Divine Provenance</Setting>
					<Setting Name="Target">Group</Setting>
					<Setting Name="Txt">Melee Buff Inc</Setting>
				</Set>
				<Set Name="4">
					<Setting Name="__SourceName">Immaculate Revival</Setting>
					<Setting Name="Target">Group</Setting>
					<Setting Name="Txt">OH SHIT Button Used!</Setting>
				</Set>
				<Set Name="5">
					<Setting Name="__SourceName">Equilibrium</Setting>
					<Setting Name="Target">Group</Setting>
					<Setting Name="Txt">Picking up some slack, Equil UP</Setting>
				</Set>
				<Set Name="6">
					<Setting Name="__SourceName">Evidence of Faith</Setting>
					<Setting Name="Target">Group</Setting>
					<Setting Name="Txt">OOF</Setting>
				</Set>
				<Set Name="7">
					<Setting Name="__SourceName">Divine Guidance</Setting>
					<Setting Name="Target">Group</Setting>
					<Setting Name="Txt">DG up</Setting>
				</Set>
				<Set Name="8">
					<Setting Name="__SourceName">Verdict</Setting>
					<Setting Name="Target">Group</Setting>
					<Setting Name="Txt">Verdict is in bois</Setting>
				</Set>
			</Set>
			<Set Name="Other">
				<Setting Name="checkbox_other_curabledisable">TRUE</Setting>
				<Setting Name="combobox_other_curabledisable">Fervent Faith</Setting>
			</Set>
			<Set Name="Inquisitor">
				<Setting Name="textentry_inquisitor_verdictepicspercent">4</Setting>
				<Setting Name="textentry_inquisitor_verdictepicnamedonlypercent">4</Setting>
				<Setting Name="textentry_inquisitor_verdictheroicspercent">16</Setting>
				<Setting Name="textentry_inquisitor_verdictheroicnamedonlypercent">15</Setting>
				<Setting Name="checkbox_inquisitor_verdictheroics">TRUE</Setting>
				<Setting Name="checkbox_inquisitor_verdictheroicnamedonly">TRUE</Setting>
				<Setting Name="checkbox_inquisitor_verdictepics">TRUE</Setting>
				<Setting Name="checkbox_inquisitor_verdictepicnamedonly">TRUE</Setting>
			</Set>
			<Set Name="Debug">
				<Setting Name="checkbox_debug_casting">FALSE</Setting>
				<Setting Name="checkbox_debug_whatisthebotdoing">FALSE</Setting>
			</Set>
			<Set Name="AutoTarget">
				<Setting Name="slider_autotarget_scanheight">5</Setting>
				<Setting Name="slider_autotarget_scanradius">1</Setting>
				<Setting Name="slider_autotarget_rescantime">1</Setting>
			</Set>
			<Set Name="AscensionEmbargoList">
				<Set Name="1">
					<Setting Name="__SourceName">Ethershadow Assassin</Setting>
				</Set>
			</Set>
			<Set Name="Tags_AddNew">
				<Set Name="1">
					<Setting Name="__SourceName">PreCast</Setting>
				</Set>
			</Set>
			<Set Name="Tags">
				<Set Name="1">
					<Setting Name="__SourceName">PreCast</Setting>
					<Setting Name="I">TRUE</Setting>
				</Set>
			</Set>
		</Set>
	</Set>
</InnerSpaceSettings>
